<?xml version='1.0' encoding='UTF-8'?>
<gpx version="1.1" creator="https://www.komoot.de" xmlns="http://www.topografix.com/GPX/1/1" xmlns:xsi="http://www.w3.org/2001/XMLSchema-instance" xsi:schemaLocation="http://www.topografix.com/GPX/1/1 http://www.topografix.com/GPX/1/1/gpx.xsd">
  <metadata>
    <name>De St-Vincent de Paul à Chartres</name>
    <author>
      <link href="https://www.komoot.de">
        <text>komoot</text>
        <type>text/html</type>
      </link>
    </author>
  </metadata>
  <wpt lat="48.873013" lon="2.333315">
    <name>Rue Halévy</name>
    <sym>Shopping Center</sym>
  </wpt>
  <wpt lat="48.813509" lon="2.155446">
    <name>Monument Pershing-Lafayette</name>
    <sym>Flag, Blue</sym>
  </wpt>
  <wpt lat="48.688809" lon="2.020551">
    <name>Ravito</name>
    <sym>Medical Facility</sym>
  </wpt>
  <wpt lat="48.520596" lon="1.766268">
    <name>Ravito</name>
    <sym>Medical Facility</sym>
  </wpt>
  <wpt lat="48.520095" lon="1.765237">
    <name>Château d'Esclimont</name>
    <sym>Flag, Blue</sym>
  </wpt>
  <wpt lat="48.471205" lon="1.483855">
    <name>La fondation d'Aligre</name>
    <sym>Flag, Blue</sym>
  </wpt>
  <wpt lat="48.447012" lon="1.487508">
    <name>Cathédrale Notre-Dame de Chartres</name>
    <sym>Flag, Blue</sym>
  </wpt>
  <trk>
    <name>De St-Vincent de Paul à Chartres</name>
    <trkseg>
      <trkpt lat="48.877923" lon="2.351592">
        <ele>52.154540</ele>
        <time>2026-05-11T21:44:36.075Z</time>
      </trkpt>
      <trkpt lat="48.877891" lon="2.351497">
        <ele>52.154540</ele>
        <time>2026-05-11T21:44:37.311Z</time>
      </trkpt>
      <trkpt lat="48.877823" lon="2.351246">
        <ele>52.154540</ele>
        <time>2026-05-11T21:44:40.145Z</time>
      </trkpt>
      <trkpt lat="48.877801" lon="2.351158">
        <ele>52.154540</ele>
        <time>2026-05-11T21:44:40.998Z</time>
      </trkpt>
      <trkpt lat="48.877460" lon="2.349848">
        <ele>51.617454</ele>
        <time>2026-05-11T21:44:52.267Z</time>
      </trkpt>
      <trkpt lat="48.877369" lon="2.349506">
        <ele>51.231788</ele>
        <time>2026-05-11T21:44:55.115Z</time>
      </trkpt>
      <trkpt lat="48.877268" lon="2.349124">
        <ele>50.801396</ele>
        <time>2026-05-11T21:44:58.233Z</time>
      </trkpt>
      <trkpt lat="48.877235" lon="2.349002">
        <ele>50.663495</ele>
        <time>2026-05-11T21:44:59.241Z</time>
      </trkpt>
      <trkpt lat="48.877176" lon="2.348774">
        <ele>50.407365</ele>
        <time>2026-05-11T21:45:00.939Z</time>
      </trkpt>
      <trkpt lat="48.876816" lon="2.347388">
        <ele>49.003223</ele>
        <time>2026-05-11T21:45:11.611Z</time>
      </trkpt>
      <trkpt lat="48.876785" lon="2.347253">
        <ele>48.905234</ele>
        <time>2026-05-11T21:45:12.842Z</time>
      </trkpt>
      <trkpt lat="48.876765" lon="2.347144">
        <ele>48.827687</ele>
        <time>2026-05-11T21:45:13.785Z</time>
      </trkpt>
      <trkpt lat="48.876654" lon="2.346744">
        <ele>48.530177</ele>
        <time>2026-05-11T21:45:17.368Z</time>
      </trkpt>
      <trkpt lat="48.876587" lon="2.346556">
        <ele>48.383646</ele>
        <time>2026-05-11T21:45:19.093Z</time>
      </trkpt>
      <trkpt lat="48.876483" lon="2.346149">
        <ele>48.084428</ele>
        <time>2026-05-11T21:45:22.548Z</time>
      </trkpt>
      <trkpt lat="48.876438" lon="2.345974">
        <ele>47.955664</ele>
        <time>2026-05-11T21:45:24.040Z</time>
      </trkpt>
      <trkpt lat="48.876336" lon="2.345566">
        <ele>47.656552</ele>
        <time>2026-05-11T21:45:27.885Z</time>
      </trkpt>
      <trkpt lat="48.876301" lon="2.345418">
        <ele>47.548774</ele>
        <time>2026-05-11T21:45:29.574Z</time>
      </trkpt>
      <trkpt lat="48.876153" lon="2.344851">
        <ele>47.174380</ele>
        <time>2026-05-11T21:45:35.509Z</time>
      </trkpt>
      <trkpt lat="48.876065" lon="2.344495">
        <ele>46.952875</ele>
        <time>2026-05-11T21:45:38.394Z</time>
      </trkpt>
      <trkpt lat="48.875905" lon="2.343882">
        <ele>46.568760</ele>
        <time>2026-05-11T21:45:43.320Z</time>
      </trkpt>
      <trkpt lat="48.875879" lon="2.343768">
        <ele>46.498484</ele>
        <time>2026-05-11T21:45:44.234Z</time>
      </trkpt>
      <trkpt lat="48.875867" lon="2.343713">
        <ele>46.464734</ele>
        <time>2026-05-11T21:45:44.671Z</time>
      </trkpt>
      <trkpt lat="48.875854" lon="2.343661">
        <ele>46.432333</ele>
        <time>2026-05-11T21:45:45.141Z</time>
      </trkpt>
      <trkpt lat="48.875844" lon="2.343620">
        <ele>46.406865</ele>
        <time>2026-05-11T21:45:45.496Z</time>
      </trkpt>
      <trkpt lat="48.875792" lon="2.343417">
        <ele>46.279980</ele>
        <time>2026-05-11T21:45:47.307Z</time>
      </trkpt>
      <trkpt lat="48.875724" lon="2.343138">
        <ele>46.106684</ele>
        <time>2026-05-11T21:45:49.875Z</time>
      </trkpt>
      <trkpt lat="48.875700" lon="2.343060">
        <ele>46.056528</ele>
        <time>2026-05-11T21:45:50.557Z</time>
      </trkpt>
      <trkpt lat="48.875651" lon="2.342901">
        <ele>45.954260</ele>
        <time>2026-05-11T21:45:52.051Z</time>
      </trkpt>
      <trkpt lat="48.875590" lon="2.342688">
        <ele>45.831955</ele>
        <time>2026-05-11T21:45:53.924Z</time>
      </trkpt>
      <trkpt lat="48.875392" lon="2.341918">
        <ele>45.992971</ele>
        <time>2026-05-11T21:46:01.353Z</time>
      </trkpt>
      <trkpt lat="48.875345" lon="2.341734">
        <ele>46.031414</ele>
        <time>2026-05-11T21:46:03.075Z</time>
      </trkpt>
      <trkpt lat="48.875324" lon="2.341655">
        <ele>46.048009</ele>
        <time>2026-05-11T21:46:04.171Z</time>
      </trkpt>
      <trkpt lat="48.875286" lon="2.341505">
        <ele>46.079314</ele>
        <time>2026-05-11T21:46:06.038Z</time>
      </trkpt>
      <trkpt lat="48.875180" lon="2.341097">
        <ele>46.164750</ele>
        <time>2026-05-11T21:46:11.585Z</time>
      </trkpt>
      <trkpt lat="48.875148" lon="2.340971">
        <ele>46.191055</ele>
        <time>2026-05-11T21:46:13.039Z</time>
      </trkpt>
      <trkpt lat="48.875111" lon="2.340836">
        <ele>46.219539</ele>
        <time>2026-05-11T21:46:14.931Z</time>
      </trkpt>
      <trkpt lat="48.875085" lon="2.340735">
        <ele>46.240662</ele>
        <time>2026-05-11T21:46:15.863Z</time>
      </trkpt>
      <trkpt lat="48.875009" lon="2.340446">
        <ele>46.301280</ele>
        <time>2026-05-11T21:46:19.375Z</time>
      </trkpt>
      <trkpt lat="48.874959" lon="2.340259">
        <ele>46.340594</ele>
        <time>2026-05-11T21:46:21.575Z</time>
      </trkpt>
      <trkpt lat="48.874826" lon="2.339765">
        <ele>46.753127</ele>
        <time>2026-05-11T21:46:28.120Z</time>
      </trkpt>
      <trkpt lat="48.874789" lon="2.339626">
        <ele>46.890584</ele>
        <time>2026-05-11T21:46:29.904Z</time>
      </trkpt>
      <trkpt lat="48.874761" lon="2.339502">
        <ele>47.010763</ele>
        <time>2026-05-11T21:46:31.863Z</time>
      </trkpt>
      <trkpt lat="48.874755" lon="2.339476">
        <ele>47.036021</ele>
        <time>2026-05-11T21:46:32.168Z</time>
      </trkpt>
      <trkpt lat="48.874725" lon="2.339371">
        <ele>47.140961</ele>
        <time>2026-05-11T21:46:33.844Z</time>
      </trkpt>
      <trkpt lat="48.874673" lon="2.339186">
        <ele>47.325382</ele>
        <time>2026-05-11T21:46:36.141Z</time>
      </trkpt>
      <trkpt lat="48.874451" lon="2.338318">
        <ele>48.179097</ele>
        <time>2026-05-11T21:46:48.522Z</time>
      </trkpt>
      <trkpt lat="48.874417" lon="2.338181">
        <ele>48.313324</ele>
        <time>2026-05-11T21:46:50.465Z</time>
      </trkpt>
      <trkpt lat="48.874385" lon="2.338059">
        <ele>48.433724</ele>
        <time>2026-05-11T21:46:52.361Z</time>
      </trkpt>
      <trkpt lat="48.874252" lon="2.337561">
        <ele>48.897280</ele>
        <time>2026-05-11T21:47:01.187Z</time>
      </trkpt>
      <trkpt lat="48.874221" lon="2.337442">
        <ele>48.955938</ele>
        <time>2026-05-11T21:47:03.199Z</time>
      </trkpt>
      <trkpt lat="48.874187" lon="2.337318">
        <ele>49.017505</ele>
        <time>2026-05-11T21:47:05.316Z</time>
      </trkpt>
      <trkpt lat="48.874163" lon="2.337225">
        <ele>49.063289</ele>
        <time>2026-05-11T21:47:06.848Z</time>
      </trkpt>
      <trkpt lat="48.874132" lon="2.337116">
        <ele>49.117712</ele>
        <time>2026-05-11T21:47:08.649Z</time>
      </trkpt>
      <trkpt lat="48.874112" lon="2.337044">
        <ele>49.153531</ele>
        <time>2026-05-11T21:47:09.809Z</time>
      </trkpt>
      <trkpt lat="48.873914" lon="2.336272">
        <ele>49.533275</ele>
        <time>2026-05-11T21:47:20.697Z</time>
      </trkpt>
      <trkpt lat="48.873886" lon="2.336169">
        <ele>49.584352</ele>
        <time>2026-05-11T21:47:21.945Z</time>
      </trkpt>
      <trkpt lat="48.873696" lon="2.335442">
        <ele>49.942866</ele>
        <time>2026-05-11T21:47:29.561Z</time>
      </trkpt>
      <trkpt lat="48.873669" lon="2.335320">
        <ele>50.001858</ele>
        <time>2026-05-11T21:47:30.700Z</time>
      </trkpt>
      <trkpt lat="48.873630" lon="2.335181">
        <ele>50.071114</ele>
        <time>2026-05-11T21:47:31.959Z</time>
      </trkpt>
      <trkpt lat="48.873421" lon="2.334397">
        <ele>49.906576</ele>
        <time>2026-05-11T21:47:38.359Z</time>
      </trkpt>
      <trkpt lat="48.873192" lon="2.333499">
        <ele>49.625537</ele>
        <time>2026-05-11T21:47:46.208Z</time>
      </trkpt>
      <trkpt lat="48.873152" lon="2.333343">
        <ele>49.576680</ele>
        <time>2026-05-11T21:47:48.057Z</time>
      </trkpt>
      <trkpt lat="48.873134" lon="2.333252">
        <ele>49.548952</ele>
        <time>2026-05-11T21:47:49.093Z</time>
      </trkpt>
      <trkpt lat="48.873127" lon="2.333223">
        <ele>49.539938</ele>
        <time>2026-05-11T21:47:49.422Z</time>
      </trkpt>
      <trkpt lat="48.873043" lon="2.333264">
        <ele>49.500798</ele>
        <time>2026-05-11T21:47:51.256Z</time>
      </trkpt>
      <trkpt lat="48.873018" lon="2.333265">
        <ele>49.489703</ele>
        <time>2026-05-11T21:47:51.749Z</time>
      </trkpt>
      <trkpt lat="48.872940" lon="2.333257">
        <ele>49.455020</ele>
        <time>2026-05-11T21:47:52.990Z</time>
      </trkpt>
      <trkpt lat="48.872987" lon="2.333017">
        <ele>49.381951</ele>
        <time>2026-05-11T21:47:55.179Z</time>
      </trkpt>
      <trkpt lat="48.872997" lon="2.332935">
        <ele>49.357615</ele>
        <time>2026-05-11T21:47:55.901Z</time>
      </trkpt>
      <trkpt lat="48.873147" lon="2.331769">
        <ele>49.665832</ele>
        <time>2026-05-11T21:48:09.093Z</time>
      </trkpt>
      <trkpt lat="48.873198" lon="2.331395">
        <ele>49.787940</ele>
        <time>2026-05-11T21:48:13.646Z</time>
      </trkpt>
      <trkpt lat="48.873148" lon="2.331193">
        <ele>49.856940</ele>
        <time>2026-05-11T21:48:16.170Z</time>
      </trkpt>
      <trkpt lat="48.873095" lon="2.331116">
        <ele>49.892571</ele>
        <time>2026-05-11T21:48:17.563Z</time>
      </trkpt>
      <trkpt lat="48.873042" lon="2.331058">
        <ele>49.924311</ele>
        <time>2026-05-11T21:48:18.504Z</time>
      </trkpt>
      <trkpt lat="48.872830" lon="2.331092">
        <ele>50.027927</ele>
        <time>2026-05-11T21:48:22.199Z</time>
      </trkpt>
      <trkpt lat="48.872772" lon="2.331063">
        <ele>50.057604</ele>
        <time>2026-05-11T21:48:23.152Z</time>
      </trkpt>
      <trkpt lat="48.872538" lon="2.330950">
        <ele>50.176941</ele>
        <time>2026-05-11T21:48:26.969Z</time>
      </trkpt>
      <trkpt lat="48.872310" lon="2.330844">
        <ele>50.146683</ele>
        <time>2026-05-11T21:48:30.242Z</time>
      </trkpt>
      <trkpt lat="48.872108" lon="2.330743">
        <ele>50.091274</ele>
        <time>2026-05-11T21:48:34.378Z</time>
      </trkpt>
      <trkpt lat="48.871976" lon="2.330682">
        <ele>50.055324</ele>
        <time>2026-05-11T21:48:37.250Z</time>
      </trkpt>
      <trkpt lat="48.871876" lon="2.330634">
        <ele>50.027999</ele>
        <time>2026-05-11T21:48:39.195Z</time>
      </trkpt>
      <trkpt lat="48.871778" lon="2.330584">
        <ele>50.001063</ele>
        <time>2026-05-11T21:48:40.775Z</time>
      </trkpt>
      <trkpt lat="48.871668" lon="2.330530">
        <ele>49.970943</ele>
        <time>2026-05-11T21:48:42.224Z</time>
      </trkpt>
      <trkpt lat="48.871595" lon="2.330496">
        <ele>49.951048</ele>
        <time>2026-05-11T21:48:43.238Z</time>
      </trkpt>
      <trkpt lat="48.870527" lon="2.329981">
        <ele>49.529118</ele>
        <time>2026-05-11T21:48:57.116Z</time>
      </trkpt>
      <trkpt lat="48.870404" lon="2.330001">
        <ele>49.436961</ele>
        <time>2026-05-11T21:48:58.640Z</time>
      </trkpt>
      <trkpt lat="48.870272" lon="2.330045">
        <ele>49.336287</ele>
        <time>2026-05-11T21:49:00.321Z</time>
      </trkpt>
      <trkpt lat="48.870220" lon="2.329785">
        <ele>49.203120</ele>
        <time>2026-05-11T21:49:02.448Z</time>
      </trkpt>
      <trkpt lat="48.870096" lon="2.329050">
        <ele>48.831291</ele>
        <time>2026-05-11T21:49:08.787Z</time>
      </trkpt>
      <trkpt lat="48.869959" lon="2.328232">
        <ele>48.417657</ele>
        <time>2026-05-11T21:49:16.020Z</time>
      </trkpt>
      <trkpt lat="48.869926" lon="2.327990">
        <ele>48.280013</ele>
        <time>2026-05-11T21:49:18.639Z</time>
      </trkpt>
      <trkpt lat="48.869821" lon="2.328139">
        <ele>48.153878</ele>
        <time>2026-05-11T21:49:20.675Z</time>
      </trkpt>
      <trkpt lat="48.869805" lon="2.328162">
        <ele>48.134541</ele>
        <time>2026-05-11T21:49:20.962Z</time>
      </trkpt>
      <trkpt lat="48.869706" lon="2.328079">
        <ele>48.035258</ele>
        <time>2026-05-11T21:49:22.366Z</time>
      </trkpt>
      <trkpt lat="48.867490" lon="2.326228">
        <ele>45.120152</ele>
        <time>2026-05-11T21:49:53.092Z</time>
      </trkpt>
      <trkpt lat="48.867440" lon="2.326189">
        <ele>45.036335</ele>
        <time>2026-05-11T21:49:53.783Z</time>
      </trkpt>
      <trkpt lat="48.867394" lon="2.326162">
        <ele>44.962790</ele>
        <time>2026-05-11T21:49:54.365Z</time>
      </trkpt>
      <trkpt lat="48.866728" lon="2.325607">
        <ele>43.454578</ele>
        <time>2026-05-11T21:50:02.507Z</time>
      </trkpt>
      <trkpt lat="48.866686" lon="2.325571">
        <ele>43.291722</ele>
        <time>2026-05-11T21:50:03.023Z</time>
      </trkpt>
      <trkpt lat="48.866645" lon="2.325537">
        <ele>43.133974</ele>
        <time>2026-05-11T21:50:03.533Z</time>
      </trkpt>
      <trkpt lat="48.866126" lon="2.325107">
        <ele>41.137534</ele>
        <time>2026-05-11T21:50:09.664Z</time>
      </trkpt>
      <trkpt lat="48.866080" lon="2.325068">
        <ele>40.959632</ele>
        <time>2026-05-11T21:50:10.163Z</time>
      </trkpt>
      <trkpt lat="48.866354" lon="2.324191">
        <ele>38.802441</ele>
        <time>2026-05-11T21:50:16.266Z</time>
      </trkpt>
      <trkpt lat="48.866444" lon="2.323754">
        <ele>37.828876</ele>
        <time>2026-05-11T21:50:19.203Z</time>
      </trkpt>
      <trkpt lat="48.866411" lon="2.323488">
        <ele>37.326352</ele>
        <time>2026-05-11T21:50:21.007Z</time>
      </trkpt>
      <trkpt lat="48.866400" lon="2.323475">
        <ele>37.287031</ele>
        <time>2026-05-11T21:50:21.152Z</time>
      </trkpt>
      <trkpt lat="48.866368" lon="2.323440">
        <ele>37.175776</ele>
        <time>2026-05-11T21:50:21.553Z</time>
      </trkpt>
      <trkpt lat="48.866331" lon="2.323259">
        <ele>36.823906</ele>
        <time>2026-05-11T21:50:25.263Z</time>
      </trkpt>
      <trkpt lat="48.866263" lon="2.322970">
        <ele>36.254100</ele>
        <time>2026-05-11T21:50:31.195Z</time>
      </trkpt>
      <trkpt lat="48.866487" lon="2.322203">
        <ele>34.696173</ele>
        <time>2026-05-11T21:50:47.421Z</time>
      </trkpt>
      <trkpt lat="48.866527" lon="2.322053">
        <ele>34.395694</ele>
        <time>2026-05-11T21:50:50.705Z</time>
      </trkpt>
      <trkpt lat="48.866479" lon="2.321880">
        <ele>34.047128</ele>
        <time>2026-05-11T21:50:54.539Z</time>
      </trkpt>
      <trkpt lat="48.866333" lon="2.321755">
        <ele>33.574240</ele>
        <time>2026-05-11T21:50:59.863Z</time>
      </trkpt>
      <trkpt lat="48.866289" lon="2.321716">
        <ele>33.430499</ele>
        <time>2026-05-11T21:51:01.524Z</time>
      </trkpt>
      <trkpt lat="48.866075" lon="2.321290">
        <ele>32.710927</ele>
        <time>2026-05-11T21:51:13.141Z</time>
      </trkpt>
      <trkpt lat="48.865820" lon="2.321109">
        <ele>32.321720</ele>
        <time>2026-05-11T21:51:22.569Z</time>
      </trkpt>
      <trkpt lat="48.865754" lon="2.321062">
        <ele>32.220925</ele>
        <time>2026-05-11T21:51:24.994Z</time>
      </trkpt>
      <trkpt lat="48.865370" lon="2.320771">
        <ele>31.627534</ele>
        <time>2026-05-11T21:51:39.617Z</time>
      </trkpt>
      <trkpt lat="48.865300" lon="2.320718">
        <ele>31.519382</ele>
        <time>2026-05-11T21:51:42.233Z</time>
      </trkpt>
      <trkpt lat="48.864976" lon="2.320500">
        <ele>31.029369</ele>
        <time>2026-05-11T21:51:53.984Z</time>
      </trkpt>
      <trkpt lat="48.864842" lon="2.320569">
        <ele>30.833708</ele>
        <time>2026-05-11T21:51:58.462Z</time>
      </trkpt>
      <trkpt lat="48.864648" lon="2.320603">
        <ele>30.563634</ele>
        <time>2026-05-11T21:52:04.584Z</time>
      </trkpt>
      <trkpt lat="48.864449" lon="2.320590">
        <ele>30.365290</ele>
        <time>2026-05-11T21:52:10.826Z</time>
      </trkpt>
      <trkpt lat="48.864418" lon="2.320616">
        <ele>30.335203</ele>
        <time>2026-05-11T21:52:11.975Z</time>
      </trkpt>
      <trkpt lat="48.864260" lon="2.320505">
        <ele>30.187290</ele>
        <time>2026-05-11T21:52:17.514Z</time>
      </trkpt>
      <trkpt lat="48.864283" lon="2.320428">
        <ele>30.140015</ele>
        <time>2026-05-11T21:52:19.295Z</time>
      </trkpt>
      <trkpt lat="48.864336" lon="2.320239">
        <ele>30.025159</ele>
        <time>2026-05-11T21:52:23.701Z</time>
      </trkpt>
      <trkpt lat="48.864334" lon="2.320127">
        <ele>29.962525</ele>
        <time>2026-05-11T21:52:26.127Z</time>
      </trkpt>
      <trkpt lat="48.864235" lon="2.320048">
        <ele>29.867508</ele>
        <time>2026-05-11T21:52:29.862Z</time>
      </trkpt>
      <trkpt lat="48.864211" lon="2.320031">
        <ele>29.845007</ele>
        <time>2026-05-11T21:52:30.712Z</time>
      </trkpt>
      <trkpt lat="48.864119" lon="2.319954">
        <ele>29.755760</ele>
        <time>2026-05-11T21:52:34.260Z</time>
      </trkpt>
      <trkpt lat="48.864071" lon="2.319952">
        <ele>29.714954</ele>
        <time>2026-05-11T21:52:34.829Z</time>
      </trkpt>
      <trkpt lat="48.864087" lon="2.319906">
        <ele>29.685866</ele>
        <time>2026-05-11T21:52:35.262Z</time>
      </trkpt>
      <trkpt lat="48.864119" lon="2.319797">
        <ele>29.619139</ele>
        <time>2026-05-11T21:52:36.192Z</time>
      </trkpt>
      <trkpt lat="48.864497" lon="2.318610">
        <ele>29.048656</ele>
        <time>2026-05-11T21:52:48.069Z</time>
      </trkpt>
      <trkpt lat="48.864540" lon="2.318558">
        <ele>29.102006</ele>
        <time>2026-05-11T21:52:49.012Z</time>
      </trkpt>
      <trkpt lat="48.864608" lon="2.318501">
        <ele>29.177402</ele>
        <time>2026-05-11T21:52:50.506Z</time>
      </trkpt>
      <trkpt lat="48.864651" lon="2.318432">
        <ele>29.238110</ele>
        <time>2026-05-11T21:52:51.763Z</time>
      </trkpt>
      <trkpt lat="48.864694" lon="2.318276">
        <ele>29.346144</ele>
        <time>2026-05-11T21:52:54.006Z</time>
      </trkpt>
      <trkpt lat="48.864621" lon="2.314284">
        <ele>31.738276</ele>
        <time>2026-05-11T21:53:45.765Z</time>
      </trkpt>
      <trkpt lat="48.864595" lon="2.314010">
        <ele>31.891542</ele>
        <time>2026-05-11T21:53:48.861Z</time>
      </trkpt>
      <trkpt lat="48.864575" lon="2.313797">
        <ele>32.010662</ele>
        <time>2026-05-11T21:53:51.175Z</time>
      </trkpt>
      <trkpt lat="48.864577" lon="2.313655">
        <ele>32.089296</ele>
        <time>2026-05-11T21:53:52.643Z</time>
      </trkpt>
      <trkpt lat="48.864579" lon="2.313468">
        <ele>32.192839</ele>
        <time>2026-05-11T21:53:54.534Z</time>
      </trkpt>
      <trkpt lat="48.864579" lon="2.313385">
        <ele>32.209006</ele>
        <time>2026-05-11T21:53:55.347Z</time>
      </trkpt>
      <trkpt lat="48.864579" lon="2.313324">
        <ele>32.189710</ele>
        <time>2026-05-11T21:53:55.938Z</time>
      </trkpt>
      <trkpt lat="48.864588" lon="2.313062">
        <ele>32.106717</ele>
        <time>2026-05-11T21:53:58.396Z</time>
      </trkpt>
      <trkpt lat="48.864525" lon="2.310535">
        <ele>31.327104</ele>
        <time>2026-05-11T21:54:19.710Z</time>
      </trkpt>
      <trkpt lat="48.864519" lon="2.310458">
        <ele>31.312936</ele>
        <time>2026-05-11T21:54:20.382Z</time>
      </trkpt>
      <trkpt lat="48.864516" lon="2.310348">
        <ele>31.292821</ele>
        <time>2026-05-11T21:54:21.342Z</time>
      </trkpt>
      <trkpt lat="48.864514" lon="2.310241">
        <ele>31.273263</ele>
        <time>2026-05-11T21:54:22.282Z</time>
      </trkpt>
      <trkpt lat="48.864522" lon="2.309988">
        <ele>31.226984</ele>
        <time>2026-05-11T21:54:24.527Z</time>
      </trkpt>
      <trkpt lat="48.864420" lon="2.305002">
        <ele>30.269496</ele>
        <time>2026-05-11T21:55:10.978Z</time>
      </trkpt>
      <trkpt lat="48.864434" lon="2.304868">
        <ele>30.210403</ele>
        <time>2026-05-11T21:55:12.072Z</time>
      </trkpt>
      <trkpt lat="48.864410" lon="2.304355">
        <ele>29.986410</ele>
        <time>2026-05-11T21:55:16.160Z</time>
      </trkpt>
      <trkpt lat="48.864250" lon="2.303608">
        <ele>29.644256</ele>
        <time>2026-05-11T21:55:22.250Z</time>
      </trkpt>
      <trkpt lat="48.864197" lon="2.302319">
        <ele>29.307645</ele>
        <time>2026-05-11T21:55:33.227Z</time>
      </trkpt>
      <trkpt lat="48.864196" lon="2.302259">
        <ele>29.345079</ele>
        <time>2026-05-11T21:55:33.856Z</time>
      </trkpt>
      <trkpt lat="48.864194" lon="2.302175">
        <ele>29.397504</ele>
        <time>2026-05-11T21:55:34.997Z</time>
      </trkpt>
      <trkpt lat="48.864165" lon="2.301965">
        <ele>29.531335</ele>
        <time>2026-05-11T21:55:37.692Z</time>
      </trkpt>
      <trkpt lat="48.864136" lon="2.301880">
        <ele>29.591055</ele>
        <time>2026-05-11T21:55:38.892Z</time>
      </trkpt>
      <trkpt lat="48.864135" lon="2.301783">
        <ele>29.651562</ele>
        <time>2026-05-11T21:55:40.178Z</time>
      </trkpt>
      <trkpt lat="48.864125" lon="2.301574">
        <ele>29.782259</ele>
        <time>2026-05-11T21:55:43.118Z</time>
      </trkpt>
      <trkpt lat="48.864118" lon="2.301492">
        <ele>29.833831</ele>
        <time>2026-05-11T21:55:44.388Z</time>
      </trkpt>
      <trkpt lat="48.864112" lon="2.301437">
        <ele>29.868603</ele>
        <time>2026-05-11T21:55:45.135Z</time>
      </trkpt>
      <trkpt lat="48.864099" lon="2.301356">
        <ele>29.920605</ele>
        <time>2026-05-11T21:55:46.189Z</time>
      </trkpt>
      <trkpt lat="48.864119" lon="2.301342">
        <ele>29.941480</ele>
        <time>2026-05-11T21:55:46.723Z</time>
      </trkpt>
      <trkpt lat="48.864150" lon="2.301322">
        <ele>29.973409</ele>
        <time>2026-05-11T21:55:47.507Z</time>
      </trkpt>
      <trkpt lat="48.864183" lon="2.301297">
        <ele>30.008366</ele>
        <time>2026-05-11T21:55:48.251Z</time>
      </trkpt>
      <trkpt lat="48.864295" lon="2.301049">
        <ele>30.195984</ele>
        <time>2026-05-11T21:55:52.217Z</time>
      </trkpt>
      <trkpt lat="48.864326" lon="2.300967">
        <ele>30.254971</ele>
        <time>2026-05-11T21:55:53.600Z</time>
      </trkpt>
      <trkpt lat="48.864311" lon="2.300918">
        <ele>30.288679</ele>
        <time>2026-05-11T21:55:54.282Z</time>
      </trkpt>
      <trkpt lat="48.864291" lon="2.300842">
        <ele>30.339732</ele>
        <time>2026-05-11T21:55:55.230Z</time>
      </trkpt>
      <trkpt lat="48.864192" lon="2.300131">
        <ele>30.793006</ele>
        <time>2026-05-11T21:56:04.596Z</time>
      </trkpt>
      <trkpt lat="48.864080" lon="2.299479">
        <ele>30.913222</ele>
        <time>2026-05-11T21:56:13.593Z</time>
      </trkpt>
      <trkpt lat="48.863921" lon="2.298901">
        <ele>30.952258</ele>
        <time>2026-05-11T21:56:20.394Z</time>
      </trkpt>
      <trkpt lat="48.863949" lon="2.298729">
        <ele>30.963298</ele>
        <time>2026-05-11T21:56:21.988Z</time>
      </trkpt>
      <trkpt lat="48.863706" lon="2.297604">
        <ele>31.037077</ele>
        <time>2026-05-11T21:56:32.072Z</time>
      </trkpt>
      <trkpt lat="48.863620" lon="2.297207">
        <ele>30.997223</ele>
        <time>2026-05-11T21:56:35.986Z</time>
      </trkpt>
      <trkpt lat="48.863469" lon="2.296495">
        <ele>30.804691</ele>
        <time>2026-05-11T21:56:42.380Z</time>
      </trkpt>
      <trkpt lat="48.863407" lon="2.296289">
        <ele>30.746388</ele>
        <time>2026-05-11T21:56:44.211Z</time>
      </trkpt>
      <trkpt lat="48.863302" lon="2.295973">
        <ele>30.655274</ele>
        <time>2026-05-11T21:56:47.013Z</time>
      </trkpt>
      <trkpt lat="48.863067" lon="2.295248">
        <ele>30.447261</ele>
        <time>2026-05-11T21:56:54.944Z</time>
      </trkpt>
      <trkpt lat="48.862998" lon="2.295195">
        <ele>30.417016</ele>
        <time>2026-05-11T21:56:56.043Z</time>
      </trkpt>
      <trkpt lat="48.862721" lon="2.294320">
        <ele>30.168419</ele>
        <time>2026-05-11T21:57:05.815Z</time>
      </trkpt>
      <trkpt lat="48.862547" lon="2.293862">
        <ele>30.033300</ele>
        <time>2026-05-11T21:57:11.030Z</time>
      </trkpt>
      <trkpt lat="48.862371" lon="2.293448">
        <ele>29.907369</ele>
        <time>2026-05-11T21:57:15.750Z</time>
      </trkpt>
      <trkpt lat="48.862157" lon="2.293135">
        <ele>29.792039</ele>
        <time>2026-05-11T21:57:19.699Z</time>
      </trkpt>
      <trkpt lat="48.861874" lon="2.292760">
        <ele>29.643120</ele>
        <time>2026-05-11T21:57:24.176Z</time>
      </trkpt>
      <trkpt lat="48.860951" lon="2.291605">
        <ele>28.404779</ele>
        <time>2026-05-11T21:57:37.896Z</time>
      </trkpt>
      <trkpt lat="48.860899" lon="2.291532">
        <ele>28.331460</ele>
        <time>2026-05-11T21:57:38.726Z</time>
      </trkpt>
      <trkpt lat="48.860883" lon="2.291329">
        <ele>28.192138</ele>
        <time>2026-05-11T21:57:40.331Z</time>
      </trkpt>
      <trkpt lat="48.860848" lon="2.291203">
        <ele>28.098936</ele>
        <time>2026-05-11T21:57:43.407Z</time>
      </trkpt>
      <trkpt lat="48.860604" lon="2.290863">
        <ele>27.803427</ele>
        <time>2026-05-11T21:57:55.201Z</time>
      </trkpt>
      <trkpt lat="48.860455" lon="2.290655">
        <ele>27.936050</ele>
        <time>2026-05-11T21:58:02.966Z</time>
      </trkpt>
      <trkpt lat="48.860313" lon="2.290563">
        <ele>28.037243</ele>
        <time>2026-05-11T21:58:09.090Z</time>
      </trkpt>
      <trkpt lat="48.860219" lon="2.290543">
        <ele>28.099467</ele>
        <time>2026-05-11T21:58:12.844Z</time>
      </trkpt>
      <trkpt lat="48.860062" lon="2.290484">
        <ele>28.205489</ele>
        <time>2026-05-11T21:58:19.396Z</time>
      </trkpt>
      <trkpt lat="48.860019" lon="2.290442">
        <ele>28.238997</ele>
        <time>2026-05-11T21:58:20.365Z</time>
      </trkpt>
      <trkpt lat="48.859453" lon="2.289745">
        <ele>28.716539</ele>
        <time>2026-05-11T21:58:33.698Z</time>
      </trkpt>
      <trkpt lat="48.858825" lon="2.288967">
        <ele>28.768197</ele>
        <time>2026-05-11T21:58:49.952Z</time>
      </trkpt>
      <trkpt lat="48.858555" lon="2.288699">
        <ele>28.622024</ele>
        <time>2026-05-11T21:58:54.637Z</time>
      </trkpt>
      <trkpt lat="48.858338" lon="2.288495">
        <ele>28.506367</ele>
        <time>2026-05-11T21:58:57.668Z</time>
      </trkpt>
      <trkpt lat="48.857933" lon="2.287898">
        <ele>28.250630</ele>
        <time>2026-05-11T21:59:04.191Z</time>
      </trkpt>
      <trkpt lat="48.857888" lon="2.287825">
        <ele>28.220797</ele>
        <time>2026-05-11T21:59:05.079Z</time>
      </trkpt>
      <trkpt lat="48.857836" lon="2.287911">
        <ele>28.185963</ele>
        <time>2026-05-11T21:59:05.924Z</time>
      </trkpt>
      <trkpt lat="48.857764" lon="2.288030">
        <ele>28.127277</ele>
        <time>2026-05-11T21:59:07.207Z</time>
      </trkpt>
      <trkpt lat="48.857725" lon="2.288096">
        <ele>28.075969</ele>
        <time>2026-05-11T21:59:07.869Z</time>
      </trkpt>
      <trkpt lat="48.857703" lon="2.288072">
        <ele>28.052163</ele>
        <time>2026-05-11T21:59:08.219Z</time>
      </trkpt>
      <trkpt lat="48.857184" lon="2.287550">
        <ele>27.505073</ele>
        <time>2026-05-11T21:59:15.361Z</time>
      </trkpt>
      <trkpt lat="48.856802" lon="2.287163">
        <ele>27.101503</ele>
        <time>2026-05-11T21:59:20.785Z</time>
      </trkpt>
      <trkpt lat="48.855515" lon="2.285435">
        <ele>26.513857</ele>
        <time>2026-05-11T21:59:46.637Z</time>
      </trkpt>
      <trkpt lat="48.853759" lon="2.283041">
        <ele>26.322391</ele>
        <time>2026-05-11T22:00:20.019Z</time>
      </trkpt>
      <trkpt lat="48.852728" lon="2.281540">
        <ele>26.513804</ele>
        <time>2026-05-11T22:00:43.128Z</time>
      </trkpt>
      <trkpt lat="48.852470" lon="2.281170">
        <ele>26.569367</ele>
        <time>2026-05-11T22:00:48.553Z</time>
      </trkpt>
      <trkpt lat="48.851023" lon="2.279276">
        <ele>26.406029</ele>
        <time>2026-05-11T22:01:15.381Z</time>
      </trkpt>
      <trkpt lat="48.850140" lon="2.277969">
        <ele>26.875287</ele>
        <time>2026-05-11T22:01:34.845Z</time>
      </trkpt>
      <trkpt lat="48.848944" lon="2.276428">
        <ele>27.360954</ele>
        <time>2026-05-11T22:02:03.571Z</time>
      </trkpt>
      <trkpt lat="48.847829" lon="2.275346">
        <ele>27.398804</ele>
        <time>2026-05-11T22:02:21.541Z</time>
      </trkpt>
      <trkpt lat="48.847236" lon="2.274872">
        <ele>27.159804</ele>
        <time>2026-05-11T22:02:30.101Z</time>
      </trkpt>
      <trkpt lat="48.846850" lon="2.274466">
        <ele>26.992353</ele>
        <time>2026-05-11T22:02:36.324Z</time>
      </trkpt>
      <trkpt lat="48.846094" lon="2.273659">
        <ele>27.308330</ele>
        <time>2026-05-11T22:02:51.686Z</time>
      </trkpt>
      <trkpt lat="48.845178" lon="2.272821">
        <ele>27.825005</ele>
        <time>2026-05-11T22:03:10.622Z</time>
      </trkpt>
      <trkpt lat="48.845000" lon="2.272685">
        <ele>27.832875</ele>
        <time>2026-05-11T22:03:14.133Z</time>
      </trkpt>
      <trkpt lat="48.844380" lon="2.272084">
        <ele>27.861924</ele>
        <time>2026-05-11T22:03:25.671Z</time>
      </trkpt>
      <trkpt lat="48.844061" lon="2.271697">
        <ele>27.878048</ele>
        <time>2026-05-11T22:03:31.244Z</time>
      </trkpt>
      <trkpt lat="48.841418" lon="2.269185">
        <ele>26.680546</ele>
        <time>2026-05-11T22:04:13.076Z</time>
      </trkpt>
      <trkpt lat="48.841181" lon="2.268993">
        <ele>26.554070</ele>
        <time>2026-05-11T22:04:16.479Z</time>
      </trkpt>
      <trkpt lat="48.840331" lon="2.268110">
        <ele>26.305651</ele>
        <time>2026-05-11T22:04:30.054Z</time>
      </trkpt>
      <trkpt lat="48.838792" lon="2.266629">
        <ele>26.831608</ele>
        <time>2026-05-11T22:04:59.504Z</time>
      </trkpt>
      <trkpt lat="48.838567" lon="2.266397">
        <ele>27.053158</ele>
        <time>2026-05-11T22:05:04.530Z</time>
      </trkpt>
      <trkpt lat="48.838434" lon="2.266192">
        <ele>27.207520</ele>
        <time>2026-05-11T22:05:08.101Z</time>
      </trkpt>
      <trkpt lat="48.838288" lon="2.265883">
        <ele>27.411500</ele>
        <time>2026-05-11T22:05:12.945Z</time>
      </trkpt>
      <trkpt lat="48.837355" lon="2.264873">
        <ele>28.126475</ele>
        <time>2026-05-11T22:05:34.555Z</time>
      </trkpt>
      <trkpt lat="48.836517" lon="2.264023">
        <ele>28.481818</ele>
        <time>2026-05-11T22:05:50.578Z</time>
      </trkpt>
      <trkpt lat="48.836492" lon="2.263998">
        <ele>28.492373</ele>
        <time>2026-05-11T22:05:50.991Z</time>
      </trkpt>
      <trkpt lat="48.835014" lon="2.262444">
        <ele>28.525495</ele>
        <time>2026-05-11T22:06:16.289Z</time>
      </trkpt>
      <trkpt lat="48.834514" lon="2.261939">
        <ele>28.568701</ele>
        <time>2026-05-11T22:06:26.331Z</time>
      </trkpt>
      <trkpt lat="48.834527" lon="2.261901">
        <ele>28.573815</ele>
        <time>2026-05-11T22:06:26.831Z</time>
      </trkpt>
      <trkpt lat="48.834569" lon="2.261797">
        <ele>28.588386</ele>
        <time>2026-05-11T22:06:28.302Z</time>
      </trkpt>
      <trkpt lat="48.834484" lon="2.261720">
        <ele>28.606340</ele>
        <time>2026-05-11T22:06:29.794Z</time>
      </trkpt>
      <trkpt lat="48.834117" lon="2.261348">
        <ele>28.686380</ele>
        <time>2026-05-11T22:06:39.200Z</time>
      </trkpt>
      <trkpt lat="48.834091" lon="2.261314">
        <ele>28.692604</ele>
        <time>2026-05-11T22:06:40.014Z</time>
      </trkpt>
      <trkpt lat="48.834010" lon="2.261212">
        <ele>28.711690</ele>
        <time>2026-05-11T22:06:42.272Z</time>
      </trkpt>
      <trkpt lat="48.832784" lon="2.260113">
        <ele>28.407917</ele>
        <time>2026-05-11T22:07:03.131Z</time>
      </trkpt>
      <trkpt lat="48.832352" lon="2.259548">
        <ele>28.068695</ele>
        <time>2026-05-11T22:07:10.058Z</time>
      </trkpt>
      <trkpt lat="48.832099" lon="2.259229">
        <ele>27.873037</ele>
        <time>2026-05-11T22:07:15.737Z</time>
      </trkpt>
      <trkpt lat="48.832012" lon="2.259129">
        <ele>27.808115</ele>
        <time>2026-05-11T22:07:17.607Z</time>
      </trkpt>
      <trkpt lat="48.831821" lon="2.258987">
        <ele>27.894868</ele>
        <time>2026-05-11T22:07:20.111Z</time>
      </trkpt>
      <trkpt lat="48.831642" lon="2.258796">
        <ele>28.084868</ele>
        <time>2026-05-11T22:07:22.696Z</time>
      </trkpt>
      <trkpt lat="48.831258" lon="2.258133">
        <ele>28.589799</ele>
        <time>2026-05-11T22:07:31.696Z</time>
      </trkpt>
      <trkpt lat="48.831193" lon="2.258114">
        <ele>28.647293</ele>
        <time>2026-05-11T22:07:33.089Z</time>
      </trkpt>
      <trkpt lat="48.831111" lon="2.258175">
        <ele>28.726599</ele>
        <time>2026-05-11T22:07:35.050Z</time>
      </trkpt>
      <trkpt lat="48.831083" lon="2.258258">
        <ele>28.779926</ele>
        <time>2026-05-11T22:07:36.414Z</time>
      </trkpt>
      <trkpt lat="48.831087" lon="2.258361">
        <ele>28.838922</ele>
        <time>2026-05-11T22:07:37.941Z</time>
      </trkpt>
      <trkpt lat="48.831073" lon="2.258412">
        <ele>28.870516</ele>
        <time>2026-05-11T22:07:38.787Z</time>
      </trkpt>
      <trkpt lat="48.831014" lon="2.258358">
        <ele>28.930346</ele>
        <time>2026-05-11T22:07:43.542Z</time>
      </trkpt>
      <trkpt lat="48.830987" lon="2.258345">
        <ele>28.954948</ele>
        <time>2026-05-11T22:07:45.507Z</time>
      </trkpt>
      <trkpt lat="48.831001" lon="2.258275">
        <ele>28.996779</ele>
        <time>2026-05-11T22:07:46.642Z</time>
      </trkpt>
      <trkpt lat="48.831021" lon="2.258142">
        <ele>29.074785</ele>
        <time>2026-05-11T22:07:48.796Z</time>
      </trkpt>
      <trkpt lat="48.831002" lon="2.257983">
        <ele>29.167183</ele>
        <time>2026-05-11T22:07:51.363Z</time>
      </trkpt>
      <trkpt lat="48.831121" lon="2.257509">
        <ele>29.664026</ele>
        <time>2026-05-11T22:07:59.747Z</time>
      </trkpt>
      <trkpt lat="48.831164" lon="2.257344">
        <ele>29.931136</ele>
        <time>2026-05-11T22:08:02.790Z</time>
      </trkpt>
      <trkpt lat="48.831466" lon="2.255939">
        <ele>32.155800</ele>
        <time>2026-05-11T22:08:30.668Z</time>
      </trkpt>
      <trkpt lat="48.831673" lon="2.254976">
        <ele>33.480772</ele>
        <time>2026-05-11T22:08:42.576Z</time>
      </trkpt>
      <trkpt lat="48.831680" lon="2.254797">
        <ele>33.523435</ele>
        <time>2026-05-11T22:08:44.373Z</time>
      </trkpt>
      <trkpt lat="48.832029" lon="2.253273">
        <ele>33.907335</ele>
        <time>2026-05-11T22:09:01.186Z</time>
      </trkpt>
      <trkpt lat="48.832080" lon="2.253071">
        <ele>33.958807</ele>
        <time>2026-05-11T22:09:03.224Z</time>
      </trkpt>
      <trkpt lat="48.832161" lon="2.252756">
        <ele>34.039266</ele>
        <time>2026-05-11T22:09:06.640Z</time>
      </trkpt>
      <trkpt lat="48.832185" lon="2.252648">
        <ele>34.066386</ele>
        <time>2026-05-11T22:09:07.769Z</time>
      </trkpt>
      <trkpt lat="48.832378" lon="2.251755">
        <ele>34.637551</ele>
        <time>2026-05-11T22:09:17.892Z</time>
      </trkpt>
      <trkpt lat="48.832407" lon="2.251528">
        <ele>34.789786</ele>
        <time>2026-05-11T22:09:20.518Z</time>
      </trkpt>
      <trkpt lat="48.832420" lon="2.251415">
        <ele>34.865308</ele>
        <time>2026-05-11T22:09:21.893Z</time>
      </trkpt>
      <trkpt lat="48.832536" lon="2.250351">
        <ele>35.575338</ele>
        <time>2026-05-11T22:09:36.398Z</time>
      </trkpt>
      <trkpt lat="48.832577" lon="2.249994">
        <ele>35.813921</ele>
        <time>2026-05-11T22:09:41.378Z</time>
      </trkpt>
      <trkpt lat="48.832606" lon="2.249735">
        <ele>35.979944</ele>
        <time>2026-05-11T22:09:44.999Z</time>
      </trkpt>
      <trkpt lat="48.832659" lon="2.249266">
        <ele>36.270261</ele>
        <time>2026-05-11T22:09:51.455Z</time>
      </trkpt>
      <trkpt lat="48.832745" lon="2.248476">
        <ele>36.758777</ele>
        <time>2026-05-11T22:10:02.716Z</time>
      </trkpt>
      <trkpt lat="48.833011" lon="2.246284">
        <ele>37.251110</ele>
        <time>2026-05-11T22:10:26.491Z</time>
      </trkpt>
      <trkpt lat="48.833389" lon="2.244556">
        <ele>36.641845</ele>
        <time>2026-05-11T22:10:40.943Z</time>
      </trkpt>
      <trkpt lat="48.833474" lon="2.244165">
        <ele>36.709179</ele>
        <time>2026-05-11T22:10:44.374Z</time>
      </trkpt>
      <trkpt lat="48.833506" lon="2.244021">
        <ele>36.734032</ele>
        <time>2026-05-11T22:10:45.731Z</time>
      </trkpt>
      <trkpt lat="48.833524" lon="2.243975">
        <ele>36.742783</ele>
        <time>2026-05-11T22:10:46.186Z</time>
      </trkpt>
      <trkpt lat="48.833591" lon="2.243804">
        <ele>36.775325</ele>
        <time>2026-05-11T22:10:48.050Z</time>
      </trkpt>
      <trkpt lat="48.833628" lon="2.243811">
        <ele>36.784587</ele>
        <time>2026-05-11T22:10:48.561Z</time>
      </trkpt>
      <trkpt lat="48.833708" lon="2.243780">
        <ele>36.805097</ele>
        <time>2026-05-11T22:10:49.809Z</time>
      </trkpt>
      <trkpt lat="48.833767" lon="2.243694">
        <ele>36.825410</ele>
        <time>2026-05-11T22:10:51.035Z</time>
      </trkpt>
      <trkpt lat="48.833780" lon="2.243656">
        <ele>36.832413</ele>
        <time>2026-05-11T22:10:51.553Z</time>
      </trkpt>
      <trkpt lat="48.833791" lon="2.243545">
        <ele>36.850768</ele>
        <time>2026-05-11T22:10:52.647Z</time>
      </trkpt>
      <trkpt lat="48.833769" lon="2.243438">
        <ele>36.869099</ele>
        <time>2026-05-11T22:10:53.898Z</time>
      </trkpt>
      <trkpt lat="48.833714" lon="2.243353">
        <ele>36.888590</ele>
        <time>2026-05-11T22:10:55.111Z</time>
      </trkpt>
      <trkpt lat="48.833642" lon="2.243317">
        <ele>36.907420</ele>
        <time>2026-05-11T22:10:56.432Z</time>
      </trkpt>
      <trkpt lat="48.833610" lon="2.243209">
        <ele>36.926787</ele>
        <time>2026-05-11T22:10:57.640Z</time>
      </trkpt>
      <trkpt lat="48.833245" lon="2.242029">
        <ele>37.188366</ele>
        <time>2026-05-11T22:11:14.059Z</time>
      </trkpt>
      <trkpt lat="48.833019" lon="2.241428">
        <ele>37.406454</ele>
        <time>2026-05-11T22:11:22.822Z</time>
      </trkpt>
      <trkpt lat="48.832909" lon="2.241073">
        <ele>37.530083</ele>
        <time>2026-05-11T22:11:27.482Z</time>
      </trkpt>
      <trkpt lat="48.832780" lon="2.240667">
        <ele>37.672132</ele>
        <time>2026-05-11T22:11:32.001Z</time>
      </trkpt>
      <trkpt lat="48.832641" lon="2.240210">
        <ele>37.830756</ele>
        <time>2026-05-11T22:11:36.340Z</time>
      </trkpt>
      <trkpt lat="48.832424" lon="2.239441">
        <ele>38.063171</ele>
        <time>2026-05-11T22:11:44.787Z</time>
      </trkpt>
      <trkpt lat="48.832393" lon="2.239328">
        <ele>38.093477</ele>
        <time>2026-05-11T22:11:46.009Z</time>
      </trkpt>
      <trkpt lat="48.832264" lon="2.238899">
        <ele>38.210236</ele>
        <time>2026-05-11T22:11:51.260Z</time>
      </trkpt>
      <trkpt lat="48.832038" lon="2.238146">
        <ele>38.415109</ele>
        <time>2026-05-11T22:12:00.598Z</time>
      </trkpt>
      <trkpt lat="48.831997" lon="2.238020">
        <ele>38.449905</ele>
        <time>2026-05-11T22:12:02.066Z</time>
      </trkpt>
      <trkpt lat="48.831667" lon="2.237007">
        <ele>38.649200</ele>
        <time>2026-05-11T22:12:15.152Z</time>
      </trkpt>
      <trkpt lat="48.831396" lon="2.236115">
        <ele>38.705096</ele>
        <time>2026-05-11T22:12:24.023Z</time>
      </trkpt>
      <trkpt lat="48.831243" lon="2.235627">
        <ele>38.735850</ele>
        <time>2026-05-11T22:12:28.712Z</time>
      </trkpt>
      <trkpt lat="48.830992" lon="2.234811">
        <ele>38.755334</ele>
        <time>2026-05-11T22:12:38.153Z</time>
      </trkpt>
      <trkpt lat="48.830933" lon="2.234622">
        <ele>38.708724</ele>
        <time>2026-05-11T22:12:40.628Z</time>
      </trkpt>
      <trkpt lat="48.830697" lon="2.233863">
        <ele>38.521680</ele>
        <time>2026-05-11T22:12:50.490Z</time>
      </trkpt>
      <trkpt lat="48.830440" lon="2.233037">
        <ele>38.318100</ele>
        <time>2026-05-11T22:12:59.531Z</time>
      </trkpt>
      <trkpt lat="48.830308" lon="2.232616">
        <ele>38.214192</ele>
        <time>2026-05-11T22:13:03.135Z</time>
      </trkpt>
      <trkpt lat="48.830269" lon="2.232494">
        <ele>38.183970</ele>
        <time>2026-05-11T22:13:04.090Z</time>
      </trkpt>
      <trkpt lat="48.830149" lon="2.232106">
        <ele>37.576172</ele>
        <time>2026-05-11T22:13:06.997Z</time>
      </trkpt>
      <trkpt lat="48.830026" lon="2.231706">
        <ele>36.873191</ele>
        <time>2026-05-11T22:13:10.031Z</time>
      </trkpt>
      <trkpt lat="48.830018" lon="2.231676">
        <ele>36.821651</ele>
        <time>2026-05-11T22:13:10.272Z</time>
      </trkpt>
      <trkpt lat="48.829946" lon="2.231445">
        <ele>36.414683</ele>
        <time>2026-05-11T22:13:12.056Z</time>
      </trkpt>
      <trkpt lat="48.829873" lon="2.231166">
        <ele>35.936625</ele>
        <time>2026-05-11T22:13:14.157Z</time>
      </trkpt>
      <trkpt lat="48.829869" lon="2.230854">
        <ele>35.439731</ele>
        <time>2026-05-11T22:13:16.350Z</time>
      </trkpt>
      <trkpt lat="48.829878" lon="2.230503">
        <ele>34.880407</ele>
        <time>2026-05-11T22:13:18.825Z</time>
      </trkpt>
      <trkpt lat="48.829801" lon="2.230140">
        <ele>34.273133</ele>
        <time>2026-05-11T22:13:21.499Z</time>
      </trkpt>
      <trkpt lat="48.829582" lon="2.229453">
        <ele>33.257200</ele>
        <time>2026-05-11T22:13:26.596Z</time>
      </trkpt>
      <trkpt lat="48.829493" lon="2.229228">
        <ele>32.948441</ele>
        <time>2026-05-11T22:13:28.379Z</time>
      </trkpt>
      <trkpt lat="48.829313" lon="2.229019">
        <ele>32.543622</ele>
        <time>2026-05-11T22:13:30.752Z</time>
      </trkpt>
      <trkpt lat="48.829133" lon="2.228754">
        <ele>32.095733</ele>
        <time>2026-05-11T22:13:33.350Z</time>
      </trkpt>
      <trkpt lat="48.829012" lon="2.228474">
        <ele>31.701756</ele>
        <time>2026-05-11T22:13:35.649Z</time>
      </trkpt>
      <trkpt lat="48.828962" lon="2.228325">
        <ele>31.505035</ele>
        <time>2026-05-11T22:13:36.785Z</time>
      </trkpt>
      <trkpt lat="48.828078" lon="2.225455">
        <ele>32.038838</ele>
        <time>2026-05-11T22:14:12.242Z</time>
      </trkpt>
      <trkpt lat="48.828045" lon="2.225346">
        <ele>32.110233</ele>
        <time>2026-05-11T22:14:14.206Z</time>
      </trkpt>
      <trkpt lat="48.827962" lon="2.225077">
        <ele>32.382583</ele>
        <time>2026-05-11T22:14:19.388Z</time>
      </trkpt>
      <trkpt lat="48.827898" lon="2.224864">
        <ele>32.769594</ele>
        <time>2026-05-11T22:14:23.515Z</time>
      </trkpt>
      <trkpt lat="48.827569" lon="2.224124">
        <ele>34.245573</ele>
        <time>2026-05-11T22:14:39.189Z</time>
      </trkpt>
      <trkpt lat="48.827442" lon="2.223761">
        <ele>34.925058</ele>
        <time>2026-05-11T22:14:46.585Z</time>
      </trkpt>
      <trkpt lat="48.827376" lon="2.223423">
        <ele>35.507810</ele>
        <time>2026-05-11T22:14:52.408Z</time>
      </trkpt>
      <trkpt lat="48.827301" lon="2.222918">
        <ele>36.363524</ele>
        <time>2026-05-11T22:15:00.466Z</time>
      </trkpt>
      <trkpt lat="48.827242" lon="2.222604">
        <ele>36.866459</ele>
        <time>2026-05-11T22:15:05.547Z</time>
      </trkpt>
      <trkpt lat="48.827161" lon="2.222178">
        <ele>37.424120</ele>
        <time>2026-05-11T22:15:12.364Z</time>
      </trkpt>
      <trkpt lat="48.827082" lon="2.221774">
        <ele>37.954154</ele>
        <time>2026-05-11T22:15:18.542Z</time>
      </trkpt>
      <trkpt lat="48.826763" lon="2.220004">
        <ele>40.285955</ele>
        <time>2026-05-11T22:15:44.701Z</time>
      </trkpt>
      <trkpt lat="48.826695" lon="2.219771">
        <ele>40.706019</ele>
        <time>2026-05-11T22:15:48.689Z</time>
      </trkpt>
      <trkpt lat="48.826651" lon="2.219503">
        <ele>41.161256</ele>
        <time>2026-05-11T22:15:53.057Z</time>
      </trkpt>
      <trkpt lat="48.826620" lon="2.219343">
        <ele>41.436146</ele>
        <time>2026-05-11T22:15:55.758Z</time>
      </trkpt>
      <trkpt lat="48.826586" lon="2.219205">
        <ele>41.678999</ele>
        <time>2026-05-11T22:15:58.099Z</time>
      </trkpt>
      <trkpt lat="48.826491" lon="2.218990">
        <ele>42.105771</ele>
        <time>2026-05-11T22:16:02.382Z</time>
      </trkpt>
      <trkpt lat="48.826474" lon="2.219005">
        <ele>42.154990</ele>
        <time>2026-05-11T22:16:03.024Z</time>
      </trkpt>
      <trkpt lat="48.826455" lon="2.218965">
        <ele>42.236286</ele>
        <time>2026-05-11T22:16:03.895Z</time>
      </trkpt>
      <trkpt lat="48.826197" lon="2.218436">
        <ele>43.321358</ele>
        <time>2026-05-11T22:16:15.210Z</time>
      </trkpt>
      <trkpt lat="48.825559" lon="2.216431">
        <ele>46.481027</ele>
        <time>2026-05-11T22:16:52.679Z</time>
      </trkpt>
      <trkpt lat="48.825479" lon="2.216101">
        <ele>46.932124</ele>
        <time>2026-05-11T22:16:57.379Z</time>
      </trkpt>
      <trkpt lat="48.825443" lon="2.215997">
        <ele>47.082848</ele>
        <time>2026-05-11T22:16:58.951Z</time>
      </trkpt>
      <trkpt lat="48.825396" lon="2.215828">
        <ele>47.318183</ele>
        <time>2026-05-11T22:17:01.574Z</time>
      </trkpt>
      <trkpt lat="48.825363" lon="2.215739">
        <ele>47.449211</ele>
        <time>2026-05-11T22:17:02.803Z</time>
      </trkpt>
      <trkpt lat="48.824980" lon="2.214552">
        <ele>48.522440</ele>
        <time>2026-05-11T22:17:19.093Z</time>
      </trkpt>
      <trkpt lat="48.824924" lon="2.214367">
        <ele>48.612859</ele>
        <time>2026-05-11T22:17:21.469Z</time>
      </trkpt>
      <trkpt lat="48.824380" lon="2.212743">
        <ele>49.452079</ele>
        <time>2026-05-11T22:17:40.885Z</time>
      </trkpt>
      <trkpt lat="48.824217" lon="2.212333">
        <ele>50.065852</ele>
        <time>2026-05-11T22:17:46.987Z</time>
      </trkpt>
      <trkpt lat="48.824231" lon="2.212301">
        <ele>50.115088</ele>
        <time>2026-05-11T22:17:47.431Z</time>
      </trkpt>
      <trkpt lat="48.824225" lon="2.212157">
        <ele>50.299992</ele>
        <time>2026-05-11T22:17:49.437Z</time>
      </trkpt>
      <trkpt lat="48.824330" lon="2.212067">
        <ele>50.534666</ele>
        <time>2026-05-11T22:17:51.915Z</time>
      </trkpt>
      <trkpt lat="48.824361" lon="2.211987">
        <ele>50.653625</ele>
        <time>2026-05-11T22:17:53.349Z</time>
      </trkpt>
      <trkpt lat="48.824338" lon="2.211565">
        <ele>51.196262</ele>
        <time>2026-05-11T22:17:59.492Z</time>
      </trkpt>
      <trkpt lat="48.824308" lon="2.211233">
        <ele>51.625705</ele>
        <time>2026-05-11T22:18:04.562Z</time>
      </trkpt>
      <trkpt lat="48.824270" lon="2.211088">
        <ele>51.825700</ele>
        <time>2026-05-11T22:18:07.100Z</time>
      </trkpt>
      <trkpt lat="48.824227" lon="2.210899">
        <ele>52.081956</ele>
        <time>2026-05-11T22:18:10.194Z</time>
      </trkpt>
      <trkpt lat="48.824179" lon="2.210603">
        <ele>52.472614</ele>
        <time>2026-05-11T22:18:15.294Z</time>
      </trkpt>
      <trkpt lat="48.824075" lon="2.210146">
        <ele>53.389945</ele>
        <time>2026-05-11T22:18:23.328Z</time>
      </trkpt>
      <trkpt lat="48.823857" lon="2.209247">
        <ele>56.590935</ele>
        <time>2026-05-11T22:18:42.282Z</time>
      </trkpt>
      <trkpt lat="48.823820" lon="2.209012">
        <ele>57.398256</ele>
        <time>2026-05-11T22:18:47.957Z</time>
      </trkpt>
      <trkpt lat="48.823809" lon="2.208929">
        <ele>57.681138</ele>
        <time>2026-05-11T22:18:50.080Z</time>
      </trkpt>
      <trkpt lat="48.823871" lon="2.208679">
        <ele>58.573733</ele>
        <time>2026-05-11T22:18:56.640Z</time>
      </trkpt>
      <trkpt lat="48.824165" lon="2.208226">
        <ele>60.699051</ele>
        <time>2026-05-11T22:19:13.433Z</time>
      </trkpt>
      <trkpt lat="48.824241" lon="2.208049">
        <ele>61.405094</ele>
        <time>2026-05-11T22:19:19.243Z</time>
      </trkpt>
      <trkpt lat="48.824407" lon="2.207831">
        <ele>62.651801</ele>
        <time>2026-05-11T22:19:28.624Z</time>
      </trkpt>
      <trkpt lat="48.824502" lon="2.207721">
        <ele>63.424762</ele>
        <time>2026-05-11T22:19:33.823Z</time>
      </trkpt>
      <trkpt lat="48.824928" lon="2.207226">
        <ele>66.895364</ele>
        <time>2026-05-11T22:19:57.712Z</time>
      </trkpt>
      <trkpt lat="48.825108" lon="2.207093">
        <ele>68.190584</ele>
        <time>2026-05-11T22:20:06.517Z</time>
      </trkpt>
      <trkpt lat="48.825462" lon="2.206985">
        <ele>70.526951</ele>
        <time>2026-05-11T22:20:21.047Z</time>
      </trkpt>
      <trkpt lat="48.825625" lon="2.206861">
        <ele>71.706557</ele>
        <time>2026-05-11T22:20:27.693Z</time>
      </trkpt>
      <trkpt lat="48.825718" lon="2.206688">
        <ele>72.658012</ele>
        <time>2026-05-11T22:20:33.071Z</time>
      </trkpt>
      <trkpt lat="48.825763" lon="2.206436">
        <ele>73.744762</ele>
        <time>2026-05-11T22:20:39.353Z</time>
      </trkpt>
      <trkpt lat="48.825791" lon="2.206007">
        <ele>75.096979</ele>
        <time>2026-05-11T22:20:49.774Z</time>
      </trkpt>
      <trkpt lat="48.825813" lon="2.205629">
        <ele>76.287254</ele>
        <time>2026-05-11T22:20:58.665Z</time>
      </trkpt>
      <trkpt lat="48.825855" lon="2.204555">
        <ele>79.661944</ele>
        <time>2026-05-11T22:21:22.925Z</time>
      </trkpt>
      <trkpt lat="48.825834" lon="2.202905">
        <ele>84.210136</ele>
        <time>2026-05-11T22:21:56.602Z</time>
      </trkpt>
      <trkpt lat="48.825833" lon="2.202727">
        <ele>84.633335</ele>
        <time>2026-05-11T22:21:59.887Z</time>
      </trkpt>
      <trkpt lat="48.825847" lon="2.202265">
        <ele>85.732871</ele>
        <time>2026-05-11T22:22:08.694Z</time>
      </trkpt>
      <trkpt lat="48.825879" lon="2.201502">
        <ele>87.550528</ele>
        <time>2026-05-11T22:22:23.596Z</time>
      </trkpt>
      <trkpt lat="48.825892" lon="2.201143">
        <ele>88.405315</ele>
        <time>2026-05-11T22:22:30.358Z</time>
      </trkpt>
      <trkpt lat="48.825914" lon="2.200633">
        <ele>89.267476</ele>
        <time>2026-05-11T22:22:39.456Z</time>
      </trkpt>
      <trkpt lat="48.825926" lon="2.200324">
        <ele>89.709009</ele>
        <time>2026-05-11T22:22:44.788Z</time>
      </trkpt>
      <trkpt lat="48.825931" lon="2.200214">
        <ele>89.866289</ele>
        <time>2026-05-11T22:22:46.748Z</time>
      </trkpt>
      <trkpt lat="48.825937" lon="2.200062">
        <ele>90.083495</ele>
        <time>2026-05-11T22:22:49.441Z</time>
      </trkpt>
      <trkpt lat="48.826011" lon="2.198205">
        <ele>92.655067</ele>
        <time>2026-05-11T22:23:17.190Z</time>
      </trkpt>
      <trkpt lat="48.826109" lon="2.195553">
        <ele>93.393332</ele>
        <time>2026-05-11T22:23:43.806Z</time>
      </trkpt>
      <trkpt lat="48.826138" lon="2.195104">
        <ele>93.849087</ele>
        <time>2026-05-11T22:23:48.125Z</time>
      </trkpt>
      <trkpt lat="48.826203" lon="2.193175">
        <ele>95.814091</ele>
        <time>2026-05-11T22:24:13.094Z</time>
      </trkpt>
      <trkpt lat="48.826264" lon="2.192086">
        <ele>98.626321</ele>
        <time>2026-05-11T22:24:35.480Z</time>
      </trkpt>
      <trkpt lat="48.826328" lon="2.191649">
        <ele>100.111554</ele>
        <time>2026-05-11T22:24:46.412Z</time>
      </trkpt>
      <trkpt lat="48.826505" lon="2.190866">
        <ele>102.858101</ele>
        <time>2026-05-11T22:25:07.783Z</time>
      </trkpt>
      <trkpt lat="48.826680" lon="2.190102">
        <ele>105.542753</ele>
        <time>2026-05-11T22:25:28.140Z</time>
      </trkpt>
      <trkpt lat="48.826951" lon="2.188939">
        <ele>109.648866</ele>
        <time>2026-05-11T22:25:55.840Z</time>
      </trkpt>
      <trkpt lat="48.826981" lon="2.188819">
        <ele>110.076088</ele>
        <time>2026-05-11T22:25:58.984Z</time>
      </trkpt>
      <trkpt lat="48.827055" lon="2.188821">
        <ele>110.450261</ele>
        <time>2026-05-11T22:26:01.575Z</time>
      </trkpt>
      <trkpt lat="48.827077" lon="2.188746">
        <ele>110.723539</ele>
        <time>2026-05-11T22:26:03.606Z</time>
      </trkpt>
      <trkpt lat="48.826971" lon="2.188479">
        <ele>111.761267</ele>
        <time>2026-05-11T22:26:10.986Z</time>
      </trkpt>
      <trkpt lat="48.826907" lon="2.188495">
        <ele>112.089179</ele>
        <time>2026-05-11T22:26:13.274Z</time>
      </trkpt>
      <trkpt lat="48.826876" lon="2.188555">
        <ele>112.343031</ele>
        <time>2026-05-11T22:26:15.152Z</time>
      </trkpt>
      <trkpt lat="48.826682" lon="2.188461">
        <ele>113.372508</ele>
        <time>2026-05-11T22:26:22.236Z</time>
      </trkpt>
      <trkpt lat="48.826649" lon="2.188445">
        <ele>113.547636</ele>
        <time>2026-05-11T22:26:23.425Z</time>
      </trkpt>
      <trkpt lat="48.826492" lon="2.188337">
        <ele>114.408656</ele>
        <time>2026-05-11T22:26:29.330Z</time>
      </trkpt>
      <trkpt lat="48.826347" lon="2.188147">
        <ele>115.263193</ele>
        <time>2026-05-11T22:26:35.662Z</time>
      </trkpt>
      <trkpt lat="48.826075" lon="2.187738">
        <ele>116.971109</ele>
        <time>2026-05-11T22:26:47.424Z</time>
      </trkpt>
      <trkpt lat="48.825613" lon="2.187509">
        <ele>119.139726</ele>
        <time>2026-05-11T22:27:03.557Z</time>
      </trkpt>
      <trkpt lat="48.825505" lon="2.187459">
        <ele>119.643553</ele>
        <time>2026-05-11T22:27:07.443Z</time>
      </trkpt>
      <trkpt lat="48.825359" lon="2.187347">
        <ele>120.373437</ele>
        <time>2026-05-11T22:27:12.917Z</time>
      </trkpt>
      <trkpt lat="48.825042" lon="2.186934">
        <ele>122.237091</ele>
        <time>2026-05-11T22:27:26.138Z</time>
      </trkpt>
      <trkpt lat="48.824934" lon="2.186784">
        <ele>122.663254</ele>
        <time>2026-05-11T22:27:30.814Z</time>
      </trkpt>
      <trkpt lat="48.824587" lon="2.186311">
        <ele>123.857821</ele>
        <time>2026-05-11T22:27:45.725Z</time>
      </trkpt>
      <trkpt lat="48.824202" lon="2.185914">
        <ele>125.050072</ele>
        <time>2026-05-11T22:27:59.593Z</time>
      </trkpt>
      <trkpt lat="48.823881" lon="2.185582">
        <ele>126.045076</ele>
        <time>2026-05-11T22:28:09.288Z</time>
      </trkpt>
      <trkpt lat="48.822974" lon="2.184648">
        <ele>125.780508</ele>
        <time>2026-05-11T22:28:22.766Z</time>
      </trkpt>
      <trkpt lat="48.822560" lon="2.184067">
        <ele>124.873441</ele>
        <time>2026-05-11T22:28:28.524Z</time>
      </trkpt>
      <trkpt lat="48.822357" lon="2.183742">
        <ele>124.398800</ele>
        <time>2026-05-11T22:28:31.659Z</time>
      </trkpt>
      <trkpt lat="48.822282" lon="2.183610">
        <ele>124.214068</ele>
        <time>2026-05-11T22:28:32.938Z</time>
      </trkpt>
      <trkpt lat="48.822166" lon="2.183339">
        <ele>124.093271</ele>
        <time>2026-05-11T22:28:35.369Z</time>
      </trkpt>
      <trkpt lat="48.821991" lon="2.182696">
        <ele>124.174522</ele>
        <time>2026-05-11T22:28:41.098Z</time>
      </trkpt>
      <trkpt lat="48.821912" lon="2.182404">
        <ele>124.211387</ele>
        <time>2026-05-11T22:28:44.131Z</time>
      </trkpt>
      <trkpt lat="48.821873" lon="2.182260">
        <ele>124.229571</ele>
        <time>2026-05-11T22:28:45.762Z</time>
      </trkpt>
      <trkpt lat="48.821501" lon="2.180643">
        <ele>124.633175</ele>
        <time>2026-05-11T22:29:08.105Z</time>
      </trkpt>
      <trkpt lat="48.821481" lon="2.180552">
        <ele>124.702390</ele>
        <time>2026-05-11T22:29:09.555Z</time>
      </trkpt>
      <trkpt lat="48.821343" lon="2.179929">
        <ele>125.176628</ele>
        <time>2026-05-11T22:29:18.903Z</time>
      </trkpt>
      <trkpt lat="48.821320" lon="2.179677">
        <ele>125.360179</ele>
        <time>2026-05-11T22:29:22.323Z</time>
      </trkpt>
      <trkpt lat="48.821349" lon="2.178462">
        <ele>126.237354</ele>
        <time>2026-05-11T22:29:36.598Z</time>
      </trkpt>
      <trkpt lat="48.821292" lon="2.177998">
        <ele>126.527306</ele>
        <time>2026-05-11T22:29:42.135Z</time>
      </trkpt>
      <trkpt lat="48.821212" lon="2.177344">
        <ele>126.895171</ele>
        <time>2026-05-11T22:29:49.682Z</time>
      </trkpt>
      <trkpt lat="48.821196" lon="2.176727">
        <ele>127.236650</ele>
        <time>2026-05-11T22:29:56.787Z</time>
      </trkpt>
      <trkpt lat="48.821186" lon="2.176059">
        <ele>127.606163</ele>
        <time>2026-05-11T22:30:05.120Z</time>
      </trkpt>
      <trkpt lat="48.821210" lon="2.175866">
        <ele>127.714784</ele>
        <time>2026-05-11T22:30:07.593Z</time>
      </trkpt>
      <trkpt lat="48.821183" lon="2.175659">
        <ele>127.831484</ele>
        <time>2026-05-11T22:30:10.182Z</time>
      </trkpt>
      <trkpt lat="48.821075" lon="2.174559">
        <ele>128.597884</ele>
        <time>2026-05-11T22:30:24.224Z</time>
      </trkpt>
      <trkpt lat="48.821058" lon="2.174397">
        <ele>128.712501</ele>
        <time>2026-05-11T22:30:26.385Z</time>
      </trkpt>
      <trkpt lat="48.821008" lon="2.174101">
        <ele>128.926014</ele>
        <time>2026-05-11T22:30:30.581Z</time>
      </trkpt>
      <trkpt lat="48.820967" lon="2.173922">
        <ele>129.058432</ele>
        <time>2026-05-11T22:30:33.087Z</time>
      </trkpt>
      <trkpt lat="48.820600" lon="2.172397">
        <ele>130.100031</ele>
        <time>2026-05-11T22:30:52.616Z</time>
      </trkpt>
      <trkpt lat="48.820467" lon="2.172018">
        <ele>130.332507</ele>
        <time>2026-05-11T22:30:57.957Z</time>
      </trkpt>
      <trkpt lat="48.820389" lon="2.171799">
        <ele>130.467287</ele>
        <time>2026-05-11T22:31:00.973Z</time>
      </trkpt>
      <trkpt lat="48.820341" lon="2.171578">
        <ele>130.593257</ele>
        <time>2026-05-11T22:31:03.719Z</time>
      </trkpt>
      <trkpt lat="48.820251" lon="2.171434">
        <ele>130.700732</ele>
        <time>2026-05-11T22:31:05.997Z</time>
      </trkpt>
      <trkpt lat="48.819741" lon="2.170051">
        <ele>131.528712</ele>
        <time>2026-05-11T22:31:24.529Z</time>
      </trkpt>
      <trkpt lat="48.819695" lon="2.169875">
        <ele>131.620918</ele>
        <time>2026-05-11T22:31:26.749Z</time>
      </trkpt>
      <trkpt lat="48.819589" lon="2.169469">
        <ele>131.833590</ele>
        <time>2026-05-11T22:31:31.688Z</time>
      </trkpt>
      <trkpt lat="48.819538" lon="2.169177">
        <ele>131.980693</ele>
        <time>2026-05-11T22:31:34.965Z</time>
      </trkpt>
      <trkpt lat="48.819529" lon="2.169145">
        <ele>131.997638</ele>
        <time>2026-05-11T22:31:35.367Z</time>
      </trkpt>
      <trkpt lat="48.819417" lon="2.168875">
        <ele>132.153027</ele>
        <time>2026-05-11T22:31:38.989Z</time>
      </trkpt>
      <trkpt lat="48.819063" lon="2.167862">
        <ele>132.945670</ele>
        <time>2026-05-11T22:31:52.751Z</time>
      </trkpt>
      <trkpt lat="48.818848" lon="2.167268">
        <ele>133.909815</ele>
        <time>2026-05-11T22:32:01.744Z</time>
      </trkpt>
      <trkpt lat="48.818628" lon="2.166654">
        <ele>134.904105</ele>
        <time>2026-05-11T22:32:13.086Z</time>
      </trkpt>
      <trkpt lat="48.818517" lon="2.166364">
        <ele>135.381235</ele>
        <time>2026-05-11T22:32:18.970Z</time>
      </trkpt>
      <trkpt lat="48.818523" lon="2.166246">
        <ele>135.549578</ele>
        <time>2026-05-11T22:32:21.068Z</time>
      </trkpt>
      <trkpt lat="48.818502" lon="2.166160">
        <ele>135.680046</ele>
        <time>2026-05-11T22:32:22.730Z</time>
      </trkpt>
      <trkpt lat="48.818493" lon="2.166136">
        <ele>135.719332</ele>
        <time>2026-05-11T22:32:23.199Z</time>
      </trkpt>
      <trkpt lat="48.818417" lon="2.165919">
        <ele>136.068942</ele>
        <time>2026-05-11T22:32:27.535Z</time>
      </trkpt>
      <trkpt lat="48.818345" lon="2.165850">
        <ele>136.252857</ele>
        <time>2026-05-11T22:32:29.811Z</time>
      </trkpt>
      <trkpt lat="48.818195" lon="2.165412">
        <ele>136.947529</ele>
        <time>2026-05-11T22:32:38.376Z</time>
      </trkpt>
      <trkpt lat="48.818157" lon="2.165280">
        <ele>137.149216</ele>
        <time>2026-05-11T22:32:40.792Z</time>
      </trkpt>
      <trkpt lat="48.817932" lon="2.164601">
        <ele>138.213388</ele>
        <time>2026-05-11T22:32:53.246Z</time>
      </trkpt>
      <trkpt lat="48.817708" lon="2.163935">
        <ele>139.260370</ele>
        <time>2026-05-11T22:33:03.754Z</time>
      </trkpt>
      <trkpt lat="48.817396" lon="2.163037">
        <ele>140.925161</ele>
        <time>2026-05-11T22:33:17.348Z</time>
      </trkpt>
      <trkpt lat="48.817147" lon="2.162299">
        <ele>142.824483</ele>
        <time>2026-05-11T22:33:30.727Z</time>
      </trkpt>
      <trkpt lat="48.817063" lon="2.162086">
        <ele>143.393153</ele>
        <time>2026-05-11T22:33:35.142Z</time>
      </trkpt>
      <trkpt lat="48.816448" lon="2.160693">
        <ele>147.883458</ele>
        <time>2026-05-11T22:34:11.246Z</time>
      </trkpt>
      <trkpt lat="48.815871" lon="2.159613">
        <ele>154.114325</ele>
        <time>2026-05-11T22:34:49.564Z</time>
      </trkpt>
      <trkpt lat="48.815688" lon="2.159350">
        <ele>155.828570</ele>
        <time>2026-05-11T22:35:01.370Z</time>
      </trkpt>
      <trkpt lat="48.814664" lon="2.157524">
        <ele>165.662926</ele>
        <time>2026-05-11T22:36:15.282Z</time>
      </trkpt>
      <trkpt lat="48.814599" lon="2.157405">
        <ele>166.274502</ele>
        <time>2026-05-11T22:36:19.006Z</time>
      </trkpt>
      <trkpt lat="48.814509" lon="2.157246">
        <ele>167.103864</ele>
        <time>2026-05-11T22:36:23.815Z</time>
      </trkpt>
      <trkpt lat="48.813514" lon="2.155439">
        <ele>170.356802</ele>
        <time>2026-05-11T22:36:57.659Z</time>
      </trkpt>
      <trkpt lat="48.813180" lon="2.154832">
        <ele>170.704846</ele>
        <time>2026-05-11T22:37:04.158Z</time>
      </trkpt>
      <trkpt lat="48.813114" lon="2.154716">
        <ele>170.772298</ele>
        <time>2026-05-11T22:37:05.325Z</time>
      </trkpt>
      <trkpt lat="48.812876" lon="2.154287">
        <ele>169.541918</ele>
        <time>2026-05-11T22:37:09.385Z</time>
      </trkpt>
      <trkpt lat="48.812835" lon="2.154211">
        <ele>169.294241</ele>
        <time>2026-05-11T22:37:10.057Z</time>
      </trkpt>
      <trkpt lat="48.812569" lon="2.153727">
        <ele>167.704988</ele>
        <time>2026-05-11T22:37:14.177Z</time>
      </trkpt>
      <trkpt lat="48.812316" lon="2.153271">
        <ele>166.201795</ele>
        <time>2026-05-11T22:37:17.915Z</time>
      </trkpt>
      <trkpt lat="48.812232" lon="2.153119">
        <ele>165.701551</ele>
        <time>2026-05-11T22:37:19.157Z</time>
      </trkpt>
      <trkpt lat="48.811738" lon="2.152224">
        <ele>162.084858</ele>
        <time>2026-05-11T22:37:26.395Z</time>
      </trkpt>
      <trkpt lat="48.811567" lon="2.151913">
        <ele>160.469364</ele>
        <time>2026-05-11T22:37:28.846Z</time>
      </trkpt>
      <trkpt lat="48.811547" lon="2.151826">
        <ele>160.101932</ele>
        <time>2026-05-11T22:37:29.405Z</time>
      </trkpt>
      <trkpt lat="48.811380" lon="2.151522">
        <ele>158.523383</ele>
        <time>2026-05-11T22:37:31.803Z</time>
      </trkpt>
      <trkpt lat="48.811286" lon="2.151358">
        <ele>157.656448</ele>
        <time>2026-05-11T22:37:33.117Z</time>
      </trkpt>
      <trkpt lat="48.811187" lon="2.151182">
        <ele>156.733504</ele>
        <time>2026-05-11T22:37:34.505Z</time>
      </trkpt>
      <trkpt lat="48.810937" lon="2.150733">
        <ele>154.388991</ele>
        <time>2026-05-11T22:37:38.001Z</time>
      </trkpt>
      <trkpt lat="48.810918" lon="2.150663">
        <ele>154.087092</ele>
        <time>2026-05-11T22:37:38.446Z</time>
      </trkpt>
      <trkpt lat="48.810911" lon="2.150489">
        <ele>153.391984</ele>
        <time>2026-05-11T22:37:39.482Z</time>
      </trkpt>
      <trkpt lat="48.810873" lon="2.150328">
        <ele>152.717481</ele>
        <time>2026-05-11T22:37:40.498Z</time>
      </trkpt>
      <trkpt lat="48.810538" lon="2.149950">
        <ele>150.250566</ele>
        <time>2026-05-11T22:37:44.264Z</time>
      </trkpt>
      <trkpt lat="48.810371" lon="2.149668">
        <ele>148.774331</ele>
        <time>2026-05-11T22:37:46.523Z</time>
      </trkpt>
      <trkpt lat="48.810270" lon="2.149480">
        <ele>147.829920</ele>
        <time>2026-05-11T22:37:47.970Z</time>
      </trkpt>
      <trkpt lat="48.810216" lon="2.149551">
        <ele>147.407717</ele>
        <time>2026-05-11T22:37:54.767Z</time>
      </trkpt>
      <trkpt lat="48.810156" lon="2.149628">
        <ele>146.943382</ele>
        <time>2026-05-11T22:38:02.121Z</time>
      </trkpt>
      <trkpt lat="48.810132" lon="2.149585">
        <ele>146.723975</ele>
        <time>2026-05-11T22:38:02.466Z</time>
      </trkpt>
      <trkpt lat="48.809415" lon="2.148230">
        <ele>140.772920</ele>
        <time>2026-05-11T22:38:13.257Z</time>
      </trkpt>
      <trkpt lat="48.809303" lon="2.148032">
        <ele>140.097100</ele>
        <time>2026-05-11T22:38:14.908Z</time>
      </trkpt>
      <trkpt lat="48.809220" lon="2.147887">
        <ele>139.599663</ele>
        <time>2026-05-11T22:38:16.116Z</time>
      </trkpt>
      <trkpt lat="48.809152" lon="2.147800">
        <ele>139.250062</ele>
        <time>2026-05-11T22:38:16.979Z</time>
      </trkpt>
      <trkpt lat="48.809128" lon="2.147769">
        <ele>139.126182</ele>
        <time>2026-05-11T22:38:17.281Z</time>
      </trkpt>
      <trkpt lat="48.809101" lon="2.147712">
        <ele>138.944383</ele>
        <time>2026-05-11T22:38:17.730Z</time>
      </trkpt>
      <trkpt lat="48.809075" lon="2.147659">
        <ele>138.773264</ele>
        <time>2026-05-11T22:38:18.151Z</time>
      </trkpt>
      <trkpt lat="48.808580" lon="2.146800">
        <ele>135.817844</ele>
        <time>2026-05-11T22:38:25.695Z</time>
      </trkpt>
      <trkpt lat="48.808505" lon="2.146562">
        <ele>135.226859</ele>
        <time>2026-05-11T22:38:27.481Z</time>
      </trkpt>
      <trkpt lat="48.808372" lon="2.146330">
        <ele>134.825556</ele>
        <time>2026-05-11T22:38:29.600Z</time>
      </trkpt>
      <trkpt lat="48.808335" lon="2.146282">
        <ele>134.729146</ele>
        <time>2026-05-11T22:38:30.121Z</time>
      </trkpt>
      <trkpt lat="48.808288" lon="2.146282">
        <ele>134.636035</ele>
        <time>2026-05-11T22:38:30.611Z</time>
      </trkpt>
      <trkpt lat="48.808255" lon="2.146222">
        <ele>134.534045</ele>
        <time>2026-05-11T22:38:31.159Z</time>
      </trkpt>
      <trkpt lat="48.808049" lon="2.145843">
        <ele>133.892905</ele>
        <time>2026-05-11T22:38:34.649Z</time>
      </trkpt>
      <trkpt lat="48.807928" lon="2.145880">
        <ele>133.648382</ele>
        <time>2026-05-11T22:38:36.012Z</time>
      </trkpt>
      <trkpt lat="48.807843" lon="2.145945">
        <ele>133.459841</ele>
        <time>2026-05-11T22:38:37.064Z</time>
      </trkpt>
      <trkpt lat="48.807724" lon="2.146223">
        <ele>133.027248</ele>
        <time>2026-05-11T22:38:39.544Z</time>
      </trkpt>
      <trkpt lat="48.807703" lon="2.146086">
        <ele>132.843725</ele>
        <time>2026-05-11T22:38:40.628Z</time>
      </trkpt>
      <trkpt lat="48.807642" lon="2.146235">
        <ele>132.614823</ele>
        <time>2026-05-11T22:38:41.979Z</time>
      </trkpt>
      <trkpt lat="48.807333" lon="2.146958">
        <ele>131.696483</ele>
        <time>2026-05-11T22:38:48.548Z</time>
      </trkpt>
      <trkpt lat="48.807247" lon="2.147164">
        <ele>131.624069</ele>
        <time>2026-05-11T22:38:50.445Z</time>
      </trkpt>
      <trkpt lat="48.807110" lon="2.147124">
        <ele>131.561176</ele>
        <time>2026-05-11T22:38:52.111Z</time>
      </trkpt>
      <trkpt lat="48.807067" lon="2.147108">
        <ele>131.541218</ele>
        <time>2026-05-11T22:38:52.648Z</time>
      </trkpt>
      <trkpt lat="48.806288" lon="2.146856">
        <ele>131.182153</ele>
        <time>2026-05-11T22:39:02.793Z</time>
      </trkpt>
      <trkpt lat="48.806238" lon="2.146841">
        <ele>131.159177</ele>
        <time>2026-05-11T22:39:03.499Z</time>
      </trkpt>
      <trkpt lat="48.806071" lon="2.146784">
        <ele>131.082012</ele>
        <time>2026-05-11T22:39:06.018Z</time>
      </trkpt>
      <trkpt lat="48.804667" lon="2.146289">
        <ele>132.311390</ele>
        <time>2026-05-11T22:39:33.543Z</time>
      </trkpt>
      <trkpt lat="48.804660" lon="2.146224">
        <ele>132.363310</ele>
        <time>2026-05-11T22:39:35.451Z</time>
      </trkpt>
      <trkpt lat="48.804623" lon="2.146186">
        <ele>132.416774</ele>
        <time>2026-05-11T22:39:37.470Z</time>
      </trkpt>
      <trkpt lat="48.804474" lon="2.146153">
        <ele>132.596995</ele>
        <time>2026-05-11T22:39:44.142Z</time>
      </trkpt>
      <trkpt lat="48.804445" lon="2.145989">
        <ele>132.730854</ele>
        <time>2026-05-11T22:39:49.075Z</time>
      </trkpt>
      <trkpt lat="48.803973" lon="2.145829">
        <ele>133.193957</ele>
        <time>2026-05-11T22:40:10.305Z</time>
      </trkpt>
      <trkpt lat="48.803797" lon="2.145989">
        <ele>133.304539</ele>
        <time>2026-05-11T22:40:19.253Z</time>
      </trkpt>
      <trkpt lat="48.802754" lon="2.145616">
        <ele>133.882165</ele>
        <time>2026-05-11T22:40:37.564Z</time>
      </trkpt>
      <trkpt lat="48.802653" lon="2.145579">
        <ele>133.938173</ele>
        <time>2026-05-11T22:40:38.894Z</time>
      </trkpt>
      <trkpt lat="48.800914" lon="2.144950">
        <ele>133.455198</ele>
        <time>2026-05-11T22:41:01.594Z</time>
      </trkpt>
      <trkpt lat="48.800869" lon="2.144439">
        <ele>133.371861</ele>
        <time>2026-05-11T22:41:07.359Z</time>
      </trkpt>
      <trkpt lat="48.800865" lon="2.144374">
        <ele>133.380381</ele>
        <time>2026-05-11T22:41:08.091Z</time>
      </trkpt>
      <trkpt lat="48.800841" lon="2.144049">
        <ele>133.423064</ele>
        <time>2026-05-11T22:41:11.903Z</time>
      </trkpt>
      <trkpt lat="48.800771" lon="2.143093">
        <ele>133.548602</ele>
        <time>2026-05-11T22:41:23.679Z</time>
      </trkpt>
      <trkpt lat="48.800715" lon="2.142846">
        <ele>133.582695</ele>
        <time>2026-05-11T22:41:26.674Z</time>
      </trkpt>
      <trkpt lat="48.800063" lon="2.141590">
        <ele>133.251080</ele>
        <time>2026-05-11T22:41:40.759Z</time>
      </trkpt>
      <trkpt lat="48.799702" lon="2.140909">
        <ele>132.597410</ele>
        <time>2026-05-11T22:41:47.430Z</time>
      </trkpt>
      <trkpt lat="48.799550" lon="2.140709">
        <ele>132.369060</ele>
        <time>2026-05-11T22:41:50.728Z</time>
      </trkpt>
      <trkpt lat="48.799435" lon="2.140638">
        <ele>132.228123</ele>
        <time>2026-05-11T22:41:52.795Z</time>
      </trkpt>
      <trkpt lat="48.799315" lon="2.140566">
        <ele>132.081639</ele>
        <time>2026-05-11T22:41:54.295Z</time>
      </trkpt>
      <trkpt lat="48.799285" lon="2.140677">
        <ele>131.991918</ele>
        <time>2026-05-11T22:41:55.217Z</time>
      </trkpt>
      <trkpt lat="48.799261" lon="2.140768">
        <ele>131.918617</ele>
        <time>2026-05-11T22:41:55.970Z</time>
      </trkpt>
      <trkpt lat="48.799035" lon="2.141611">
        <ele>131.251968</ele>
        <time>2026-05-11T22:42:03.022Z</time>
      </trkpt>
      <trkpt lat="48.798939" lon="2.141968">
        <ele>130.972946</ele>
        <time>2026-05-11T22:42:06.165Z</time>
      </trkpt>
      <trkpt lat="48.798736" lon="2.142728">
        <ele>130.379516</ele>
        <time>2026-05-11T22:42:13.088Z</time>
      </trkpt>
      <trkpt lat="48.798588" lon="2.143280">
        <ele>129.948266</ele>
        <time>2026-05-11T22:42:18.277Z</time>
      </trkpt>
      <trkpt lat="48.798475" lon="2.143705">
        <ele>129.537051</ele>
        <time>2026-05-11T22:42:21.769Z</time>
      </trkpt>
      <trkpt lat="48.798416" lon="2.143922">
        <ele>129.190990</ele>
        <time>2026-05-11T22:42:23.455Z</time>
      </trkpt>
      <trkpt lat="48.798541" lon="2.143990">
        <ele>128.893838</ele>
        <time>2026-05-11T22:42:24.875Z</time>
      </trkpt>
      <trkpt lat="48.798511" lon="2.144102">
        <ele>128.715609</ele>
        <time>2026-05-11T22:42:30.418Z</time>
      </trkpt>
      <trkpt lat="48.798484" lon="2.143995">
        <ele>128.546702</ele>
        <time>2026-05-11T22:42:31.217Z</time>
      </trkpt>
      <trkpt lat="48.798416" lon="2.143922">
        <ele>128.360322</ele>
        <time>2026-05-11T22:42:32.082Z</time>
      </trkpt>
      <trkpt lat="48.798339" lon="2.143876">
        <ele>128.175144</ele>
        <time>2026-05-11T22:42:32.936Z</time>
      </trkpt>
      <trkpt lat="48.798283" lon="2.143808">
        <ele>128.014665</ele>
        <time>2026-05-11T22:42:33.673Z</time>
      </trkpt>
      <trkpt lat="48.798213" lon="2.143805">
        <ele>127.857951</ele>
        <time>2026-05-11T22:42:34.377Z</time>
      </trkpt>
      <trkpt lat="48.798143" lon="2.143744">
        <ele>127.677325</ele>
        <time>2026-05-11T22:42:35.195Z</time>
      </trkpt>
      <trkpt lat="48.797992" lon="2.143650">
        <ele>127.312099</ele>
        <time>2026-05-11T22:42:36.852Z</time>
      </trkpt>
      <trkpt lat="48.797629" lon="2.143428">
        <ele>126.436308</ele>
        <time>2026-05-11T22:42:40.892Z</time>
      </trkpt>
      <trkpt lat="48.797331" lon="2.143249">
        <ele>125.719114</ele>
        <time>2026-05-11T22:42:44.392Z</time>
      </trkpt>
      <trkpt lat="48.797289" lon="2.143227">
        <ele>125.673614</ele>
        <time>2026-05-11T22:42:44.881Z</time>
      </trkpt>
      <trkpt lat="48.797216" lon="2.143216">
        <ele>125.691921</ele>
        <time>2026-05-11T22:42:45.712Z</time>
      </trkpt>
      <trkpt lat="48.796902" lon="2.143178">
        <ele>125.770531</ele>
        <time>2026-05-11T22:42:49.430Z</time>
      </trkpt>
      <trkpt lat="48.796729" lon="2.143046">
        <ele>125.818851</ele>
        <time>2026-05-11T22:42:52.087Z</time>
      </trkpt>
      <trkpt lat="48.796649" lon="2.142921">
        <ele>125.847501</ele>
        <time>2026-05-11T22:42:53.870Z</time>
      </trkpt>
      <trkpt lat="48.796587" lon="2.142777">
        <ele>125.875781</ele>
        <time>2026-05-11T22:42:55.890Z</time>
      </trkpt>
      <trkpt lat="48.796531" lon="2.142520">
        <ele>125.920281</ele>
        <time>2026-05-11T22:42:59.187Z</time>
      </trkpt>
      <trkpt lat="48.796532" lon="2.142354">
        <ele>125.947572</ele>
        <time>2026-05-11T22:43:01.297Z</time>
      </trkpt>
      <trkpt lat="48.796589" lon="2.142020">
        <ele>126.004291</ele>
        <time>2026-05-11T22:43:05.944Z</time>
      </trkpt>
      <trkpt lat="48.796611" lon="2.141721">
        <ele>126.053750</ele>
        <time>2026-05-11T22:43:10.125Z</time>
      </trkpt>
      <trkpt lat="48.796530" lon="2.141342">
        <ele>126.133568</ele>
        <time>2026-05-11T22:43:15.755Z</time>
      </trkpt>
      <trkpt lat="48.796486" lon="2.141162">
        <ele>126.372009</ele>
        <time>2026-05-11T22:43:18.349Z</time>
      </trkpt>
      <trkpt lat="48.796258" lon="2.140235">
        <ele>127.600906</ele>
        <time>2026-05-11T22:43:31.343Z</time>
      </trkpt>
      <trkpt lat="48.796128" lon="2.139739">
        <ele>128.263872</ele>
        <time>2026-05-11T22:43:39.170Z</time>
      </trkpt>
      <trkpt lat="48.795870" lon="2.139278">
        <ele>129.015130</ele>
        <time>2026-05-11T22:43:48.581Z</time>
      </trkpt>
      <trkpt lat="48.795655" lon="2.138980">
        <ele>129.608747</ele>
        <time>2026-05-11T22:43:55.961Z</time>
      </trkpt>
      <trkpt lat="48.795405" lon="2.138742">
        <ele>130.609963</ele>
        <time>2026-05-11T22:44:03.439Z</time>
      </trkpt>
      <trkpt lat="48.794826" lon="2.138191">
        <ele>132.928539</ele>
        <time>2026-05-11T22:44:22.309Z</time>
      </trkpt>
      <trkpt lat="48.794816" lon="2.138182">
        <ele>132.967982</ele>
        <time>2026-05-11T22:44:22.634Z</time>
      </trkpt>
      <trkpt lat="48.794606" lon="2.137992">
        <ele>133.797440</ele>
        <time>2026-05-11T22:44:29.679Z</time>
      </trkpt>
      <trkpt lat="48.794576" lon="2.137966">
        <ele>133.914647</ele>
        <time>2026-05-11T22:44:30.663Z</time>
      </trkpt>
      <trkpt lat="48.794515" lon="2.137914">
        <ele>134.152013</ele>
        <time>2026-05-11T22:44:32.688Z</time>
      </trkpt>
      <trkpt lat="48.794450" lon="2.137866">
        <ele>134.397261</ele>
        <time>2026-05-11T22:44:34.827Z</time>
      </trkpt>
      <trkpt lat="48.794074" lon="2.137554">
        <ele>136.022402</ele>
        <time>2026-05-11T22:44:47.985Z</time>
      </trkpt>
      <trkpt lat="48.794031" lon="2.137518">
        <ele>136.307660</ele>
        <time>2026-05-11T22:44:49.576Z</time>
      </trkpt>
      <trkpt lat="48.793790" lon="2.137353">
        <ele>137.843433</ele>
        <time>2026-05-11T22:44:58.295Z</time>
      </trkpt>
      <trkpt lat="48.793566" lon="2.137179">
        <ele>139.305121</ele>
        <time>2026-05-11T22:45:07.342Z</time>
      </trkpt>
      <trkpt lat="48.792621" lon="2.136463">
        <ele>145.440453</ele>
        <time>2026-05-11T22:45:49.671Z</time>
      </trkpt>
      <trkpt lat="48.791568" lon="2.135845">
        <ele>153.012565</ele>
        <time>2026-05-11T22:46:39.966Z</time>
      </trkpt>
      <trkpt lat="48.790866" lon="2.135509">
        <ele>158.018328</ele>
        <time>2026-05-11T22:47:11.498Z</time>
      </trkpt>
      <trkpt lat="48.790407" lon="2.135459">
        <ele>159.001485</ele>
        <time>2026-05-11T22:47:27.896Z</time>
      </trkpt>
      <trkpt lat="48.790067" lon="2.135344">
        <ele>159.590717</ele>
        <time>2026-05-11T22:47:37.750Z</time>
      </trkpt>
      <trkpt lat="48.789921" lon="2.135248">
        <ele>159.859860</ele>
        <time>2026-05-11T22:47:41.399Z</time>
      </trkpt>
      <trkpt lat="48.789451" lon="2.134825">
        <ele>160.784139</ele>
        <time>2026-05-11T22:47:50.092Z</time>
      </trkpt>
      <trkpt lat="48.788771" lon="2.134008">
        <ele>159.512595</ele>
        <time>2026-05-11T22:47:59.062Z</time>
      </trkpt>
      <trkpt lat="48.788751" lon="2.133984">
        <ele>159.427039</ele>
        <time>2026-05-11T22:47:59.307Z</time>
      </trkpt>
      <trkpt lat="48.788702" lon="2.133923">
        <ele>159.214375</ele>
        <time>2026-05-11T22:47:59.934Z</time>
      </trkpt>
      <trkpt lat="48.788455" lon="2.133684">
        <ele>158.231405</ele>
        <time>2026-05-11T22:48:02.787Z</time>
      </trkpt>
      <trkpt lat="48.788098" lon="2.133453">
        <ele>156.929087</ele>
        <time>2026-05-11T22:48:06.572Z</time>
      </trkpt>
      <trkpt lat="48.787851" lon="2.133339">
        <ele>156.062746</ele>
        <time>2026-05-11T22:48:09.101Z</time>
      </trkpt>
      <trkpt lat="48.787813" lon="2.133321">
        <ele>155.929162</ele>
        <time>2026-05-11T22:48:09.497Z</time>
      </trkpt>
      <trkpt lat="48.787679" lon="2.133268">
        <ele>155.464476</ele>
        <time>2026-05-11T22:48:10.863Z</time>
      </trkpt>
      <trkpt lat="48.787602" lon="2.133245">
        <ele>155.223230</ele>
        <time>2026-05-11T22:48:11.639Z</time>
      </trkpt>
      <trkpt lat="48.787401" lon="2.133188">
        <ele>154.694305</ele>
        <time>2026-05-11T22:48:13.676Z</time>
      </trkpt>
      <trkpt lat="48.787233" lon="2.133147">
        <ele>154.254156</ele>
        <time>2026-05-11T22:48:15.389Z</time>
      </trkpt>
      <trkpt lat="48.787123" lon="2.133120">
        <ele>153.965921</ele>
        <time>2026-05-11T22:48:16.534Z</time>
      </trkpt>
      <trkpt lat="48.787000" lon="2.133091">
        <ele>153.643940</ele>
        <time>2026-05-11T22:48:17.842Z</time>
      </trkpt>
      <trkpt lat="48.786859" lon="2.133034">
        <ele>153.266499</ele>
        <time>2026-05-11T22:48:19.397Z</time>
      </trkpt>
      <trkpt lat="48.786806" lon="2.132988">
        <ele>153.108571</ele>
        <time>2026-05-11T22:48:20.040Z</time>
      </trkpt>
      <trkpt lat="48.786294" lon="2.132841">
        <ele>151.760689</ele>
        <time>2026-05-11T22:48:25.700Z</time>
      </trkpt>
      <trkpt lat="48.786191" lon="2.132817">
        <ele>151.491136</ele>
        <time>2026-05-11T22:48:26.828Z</time>
      </trkpt>
      <trkpt lat="48.786123" lon="2.132801">
        <ele>151.313139</ele>
        <time>2026-05-11T22:48:27.586Z</time>
      </trkpt>
      <trkpt lat="48.785856" lon="2.132761">
        <ele>150.613009</ele>
        <time>2026-05-11T22:48:30.583Z</time>
      </trkpt>
      <trkpt lat="48.785586" lon="2.132798">
        <ele>149.745835</ele>
        <time>2026-05-11T22:48:33.656Z</time>
      </trkpt>
      <trkpt lat="48.785184" lon="2.132716">
        <ele>148.448377</ele>
        <time>2026-05-11T22:48:37.931Z</time>
      </trkpt>
      <trkpt lat="48.784573" lon="2.132582">
        <ele>146.473643</ele>
        <time>2026-05-11T22:48:44.175Z</time>
      </trkpt>
      <trkpt lat="48.784344" lon="2.132537">
        <ele>145.735016</ele>
        <time>2026-05-11T22:48:46.426Z</time>
      </trkpt>
      <trkpt lat="48.784236" lon="2.132482">
        <ele>145.370622</ele>
        <time>2026-05-11T22:48:47.523Z</time>
      </trkpt>
      <trkpt lat="48.783569" lon="2.132376">
        <ele>142.599613</ele>
        <time>2026-05-11T22:48:53.861Z</time>
      </trkpt>
      <trkpt lat="48.782882" lon="2.132241">
        <ele>139.551511</ele>
        <time>2026-05-11T22:49:00.442Z</time>
      </trkpt>
      <trkpt lat="48.782773" lon="2.132221">
        <ele>139.068407</ele>
        <time>2026-05-11T22:49:01.516Z</time>
      </trkpt>
      <trkpt lat="48.782668" lon="2.132204">
        <ele>138.603775</ele>
        <time>2026-05-11T22:49:02.990Z</time>
      </trkpt>
      <trkpt lat="48.781662" lon="2.131983">
        <ele>134.719783</ele>
        <time>2026-05-11T22:49:13.042Z</time>
      </trkpt>
      <trkpt lat="48.780884" lon="2.131511">
        <ele>131.795554</ele>
        <time>2026-05-11T22:49:21.578Z</time>
      </trkpt>
      <trkpt lat="48.780760" lon="2.131469">
        <ele>131.352134</ele>
        <time>2026-05-11T22:49:22.853Z</time>
      </trkpt>
      <trkpt lat="48.780413" lon="2.131540">
        <ele>130.011000</ele>
        <time>2026-05-11T22:49:26.324Z</time>
      </trkpt>
      <trkpt lat="48.780257" lon="2.131522">
        <ele>129.350839</ele>
        <time>2026-05-11T22:49:27.877Z</time>
      </trkpt>
      <trkpt lat="48.779255" lon="2.130800">
        <ele>124.670372</ele>
        <time>2026-05-11T22:49:38.740Z</time>
      </trkpt>
      <trkpt lat="48.778929" lon="2.130573">
        <ele>123.156877</ele>
        <time>2026-05-11T22:49:42.104Z</time>
      </trkpt>
      <trkpt lat="48.778838" lon="2.130475">
        <ele>122.585618</ele>
        <time>2026-05-11T22:49:43.130Z</time>
      </trkpt>
      <trkpt lat="48.778412" lon="2.129834">
        <ele>119.455199</ele>
        <time>2026-05-11T22:49:48.666Z</time>
      </trkpt>
      <trkpt lat="48.778318" lon="2.129726">
        <ele>118.839970</ele>
        <time>2026-05-11T22:49:49.756Z</time>
      </trkpt>
      <trkpt lat="48.778151" lon="2.129610">
        <ele>117.881595</ele>
        <time>2026-05-11T22:49:51.439Z</time>
      </trkpt>
      <trkpt lat="48.777986" lon="2.129558">
        <ele>117.002236</ele>
        <time>2026-05-11T22:49:52.983Z</time>
      </trkpt>
      <trkpt lat="48.776608" lon="2.129646">
        <ele>112.776800</ele>
        <time>2026-05-11T22:50:06.199Z</time>
      </trkpt>
      <trkpt lat="48.776472" lon="2.129689">
        <ele>112.601463</ele>
        <time>2026-05-11T22:50:07.787Z</time>
      </trkpt>
      <trkpt lat="48.776270" lon="2.129881">
        <ele>112.300625</ele>
        <time>2026-05-11T22:50:10.907Z</time>
      </trkpt>
      <trkpt lat="48.776186" lon="2.129990">
        <ele>112.161128</ele>
        <time>2026-05-11T22:50:12.685Z</time>
      </trkpt>
      <trkpt lat="48.775993" lon="2.130360">
        <ele>111.768640</ele>
        <time>2026-05-11T22:50:18.815Z</time>
      </trkpt>
      <trkpt lat="48.775944" lon="2.130346">
        <ele>111.705708</ele>
        <time>2026-05-11T22:50:19.867Z</time>
      </trkpt>
      <trkpt lat="48.775919" lon="2.130381">
        <ele>111.662777</ele>
        <time>2026-05-11T22:50:20.649Z</time>
      </trkpt>
      <trkpt lat="48.775916" lon="2.130430">
        <ele>111.621845</ele>
        <time>2026-05-11T22:50:21.481Z</time>
      </trkpt>
      <trkpt lat="48.775954" lon="2.130484">
        <ele>111.556137</ele>
        <time>2026-05-11T22:50:22.883Z</time>
      </trkpt>
      <trkpt lat="48.775903" lon="2.130692">
        <ele>111.655917</ele>
        <time>2026-05-11T22:50:26.886Z</time>
      </trkpt>
      <trkpt lat="48.775250" lon="2.132852">
        <ele>116.438569</ele>
        <time>2026-05-11T22:51:14.636Z</time>
      </trkpt>
      <trkpt lat="48.775049" lon="2.133273">
        <ele>117.217866</ele>
        <time>2026-05-11T22:51:21.219Z</time>
      </trkpt>
      <trkpt lat="48.774945" lon="2.133400">
        <ele>117.422981</ele>
        <time>2026-05-11T22:51:23.535Z</time>
      </trkpt>
      <trkpt lat="48.774736" lon="2.133566">
        <ele>117.785441</ele>
        <time>2026-05-11T22:51:27.235Z</time>
      </trkpt>
      <trkpt lat="48.774644" lon="2.133586">
        <ele>117.928243</ele>
        <time>2026-05-11T22:51:28.633Z</time>
      </trkpt>
      <trkpt lat="48.774447" lon="2.133549">
        <ele>118.233243</ele>
        <time>2026-05-11T22:51:31.303Z</time>
      </trkpt>
      <trkpt lat="48.771656" lon="2.132260">
        <ele>125.110535</ele>
        <time>2026-05-11T22:52:38.642Z</time>
      </trkpt>
      <trkpt lat="48.771619" lon="2.132229">
        <ele>125.365138</ele>
        <time>2026-05-11T22:52:40.388Z</time>
      </trkpt>
      <trkpt lat="48.771090" lon="2.131716">
        <ele>129.146985</ele>
        <time>2026-05-11T22:53:06.802Z</time>
      </trkpt>
      <trkpt lat="48.770852" lon="2.131406">
        <ele>131.036460</ele>
        <time>2026-05-11T22:53:20.450Z</time>
      </trkpt>
      <trkpt lat="48.770773" lon="2.131228">
        <ele>131.888437</ele>
        <time>2026-05-11T22:53:26.821Z</time>
      </trkpt>
      <trkpt lat="48.770525" lon="2.130479">
        <ele>135.197063</ele>
        <time>2026-05-11T22:53:50.750Z</time>
      </trkpt>
      <trkpt lat="48.770428" lon="2.130254">
        <ele>136.169809</ele>
        <time>2026-05-11T22:53:57.771Z</time>
      </trkpt>
      <trkpt lat="48.770303" lon="2.130072">
        <ele>137.120843</ele>
        <time>2026-05-11T22:54:04.412Z</time>
      </trkpt>
      <trkpt lat="48.769386" lon="2.129252">
        <ele>142.964001</ele>
        <time>2026-05-11T22:54:44.694Z</time>
      </trkpt>
      <trkpt lat="48.769295" lon="2.129140">
        <ele>143.607244</ele>
        <time>2026-05-11T22:54:48.826Z</time>
      </trkpt>
      <trkpt lat="48.769017" lon="2.128965">
        <ele>144.987962</ele>
        <time>2026-05-11T22:54:58.454Z</time>
      </trkpt>
      <trkpt lat="48.768997" lon="2.128881">
        <ele>145.083637</ele>
        <time>2026-05-11T22:55:00.200Z</time>
      </trkpt>
      <trkpt lat="48.768948" lon="2.128832">
        <ele>145.179020</ele>
        <time>2026-05-11T22:55:01.905Z</time>
      </trkpt>
      <trkpt lat="48.768897" lon="2.128833">
        <ele>145.261918</ele>
        <time>2026-05-11T22:55:03.262Z</time>
      </trkpt>
      <trkpt lat="48.768854" lon="2.128876">
        <ele>145.345621</ele>
        <time>2026-05-11T22:55:04.675Z</time>
      </trkpt>
      <trkpt lat="48.768836" lon="2.128929">
        <ele>145.409491</ele>
        <time>2026-05-11T22:55:05.742Z</time>
      </trkpt>
      <trkpt lat="48.768833" lon="2.128983">
        <ele>145.467543</ele>
        <time>2026-05-11T22:55:06.575Z</time>
      </trkpt>
      <trkpt lat="48.768735" lon="2.129064">
        <ele>145.648925</ele>
        <time>2026-05-11T22:55:09.345Z</time>
      </trkpt>
      <trkpt lat="48.768751" lon="2.129137">
        <ele>145.731336</ele>
        <time>2026-05-11T22:55:10.444Z</time>
      </trkpt>
      <trkpt lat="48.768760" lon="2.129180">
        <ele>145.779666</ele>
        <time>2026-05-11T22:55:11.101Z</time>
      </trkpt>
      <trkpt lat="48.768000" lon="2.129539">
        <ele>147.073386</ele>
        <time>2026-05-11T22:55:25.723Z</time>
      </trkpt>
      <trkpt lat="48.767942" lon="2.129630">
        <ele>147.208994</ele>
        <time>2026-05-11T22:55:26.865Z</time>
      </trkpt>
      <trkpt lat="48.767923" lon="2.129733">
        <ele>147.323574</ele>
        <time>2026-05-11T22:55:27.837Z</time>
      </trkpt>
      <trkpt lat="48.767881" lon="2.129745">
        <ele>147.393037</ele>
        <time>2026-05-11T22:55:28.491Z</time>
      </trkpt>
      <trkpt lat="48.767816" lon="2.129760">
        <ele>147.499897</ele>
        <time>2026-05-11T22:55:29.350Z</time>
      </trkpt>
      <trkpt lat="48.767638" lon="2.129668">
        <ele>147.805432</ele>
        <time>2026-05-11T22:55:32.093Z</time>
      </trkpt>
      <trkpt lat="48.767398" lon="2.129618">
        <ele>148.194604</ele>
        <time>2026-05-11T22:55:36.078Z</time>
      </trkpt>
      <trkpt lat="48.767189" lon="2.129492">
        <ele>148.555894</ele>
        <time>2026-05-11T22:55:40.130Z</time>
      </trkpt>
      <trkpt lat="48.765285" lon="2.128173">
        <ele>151.911213</ele>
        <time>2026-05-11T22:56:28.790Z</time>
      </trkpt>
      <trkpt lat="48.764983" lon="2.127953">
        <ele>152.446256</ele>
        <time>2026-05-11T22:56:36.205Z</time>
      </trkpt>
      <trkpt lat="48.761041" lon="2.125067">
        <ele>156.802560</ele>
        <time>2026-05-11T22:57:58.030Z</time>
      </trkpt>
      <trkpt lat="48.760964" lon="2.125014">
        <ele>156.753369</ele>
        <time>2026-05-11T22:57:59.364Z</time>
      </trkpt>
      <trkpt lat="48.760913" lon="2.125017">
        <ele>156.723676</ele>
        <time>2026-05-11T22:58:00.130Z</time>
      </trkpt>
      <trkpt lat="48.760815" lon="2.125040">
        <ele>156.665985</ele>
        <time>2026-05-11T22:58:01.643Z</time>
      </trkpt>
      <trkpt lat="48.760767" lon="2.125107">
        <ele>156.628037</ele>
        <time>2026-05-11T22:58:02.607Z</time>
      </trkpt>
      <trkpt lat="48.760739" lon="2.125072">
        <ele>156.606930</ele>
        <time>2026-05-11T22:58:03.139Z</time>
      </trkpt>
      <trkpt lat="48.760697" lon="2.125018">
        <ele>156.574900</ele>
        <time>2026-05-11T22:58:03.938Z</time>
      </trkpt>
      <trkpt lat="48.760678" lon="2.124995">
        <ele>156.560759</ele>
        <time>2026-05-11T22:58:04.283Z</time>
      </trkpt>
      <trkpt lat="48.760653" lon="2.124952">
        <ele>156.538771</ele>
        <time>2026-05-11T22:58:04.816Z</time>
      </trkpt>
      <trkpt lat="48.760624" lon="2.124774">
        <ele>156.468453</ele>
        <time>2026-05-11T22:58:06.493Z</time>
      </trkpt>
      <trkpt lat="48.759875" lon="2.124218">
        <ele>155.983335</ele>
        <time>2026-05-11T22:58:16.920Z</time>
      </trkpt>
      <trkpt lat="48.759004" lon="2.123574">
        <ele>154.522329</ele>
        <time>2026-05-11T22:58:27.847Z</time>
      </trkpt>
      <trkpt lat="48.758830" lon="2.123353">
        <ele>154.082410</ele>
        <time>2026-05-11T22:58:30.314Z</time>
      </trkpt>
      <trkpt lat="48.757434" lon="2.122328">
        <ele>151.206112</ele>
        <time>2026-05-11T22:58:47.107Z</time>
      </trkpt>
      <trkpt lat="48.755715" lon="2.121095">
        <ele>148.379051</ele>
        <time>2026-05-11T22:59:09.055Z</time>
      </trkpt>
      <trkpt lat="48.755483" lon="2.120955">
        <ele>148.104486</ele>
        <time>2026-05-11T22:59:11.953Z</time>
      </trkpt>
      <trkpt lat="48.755127" lon="2.120796">
        <ele>147.696395</ele>
        <time>2026-05-11T22:59:16.402Z</time>
      </trkpt>
      <trkpt lat="48.754569" lon="2.120659">
        <ele>147.248683</ele>
        <time>2026-05-11T22:59:23.528Z</time>
      </trkpt>
      <trkpt lat="48.750931" lon="2.120140">
        <ele>148.778696</ele>
        <time>2026-05-11T23:00:24.207Z</time>
      </trkpt>
      <trkpt lat="48.750869" lon="2.120129">
        <ele>148.866781</ele>
        <time>2026-05-11T23:00:25.371Z</time>
      </trkpt>
      <trkpt lat="48.750846" lon="2.120125">
        <ele>148.899450</ele>
        <time>2026-05-11T23:00:25.801Z</time>
      </trkpt>
      <trkpt lat="48.750544" lon="2.120086">
        <ele>149.327147</ele>
        <time>2026-05-11T23:00:31.608Z</time>
      </trkpt>
      <trkpt lat="48.750420" lon="2.120154">
        <ele>149.513212</ele>
        <time>2026-05-11T23:00:34.192Z</time>
      </trkpt>
      <trkpt lat="48.750395" lon="2.120132">
        <ele>149.553998</ele>
        <time>2026-05-11T23:00:34.789Z</time>
      </trkpt>
      <trkpt lat="48.750350" lon="2.119985">
        <ele>149.704789</ele>
        <time>2026-05-11T23:00:36.944Z</time>
      </trkpt>
      <trkpt lat="48.750324" lon="2.119927">
        <ele>149.770044</ele>
        <time>2026-05-11T23:00:37.881Z</time>
      </trkpt>
      <trkpt lat="48.750230" lon="2.119849">
        <ele>149.921243</ele>
        <time>2026-05-11T23:00:40.102Z</time>
      </trkpt>
      <trkpt lat="48.750140" lon="2.119794">
        <ele>150.058165</ele>
        <time>2026-05-11T23:00:42.158Z</time>
      </trkpt>
      <trkpt lat="48.749992" lon="2.119765">
        <ele>150.268745</ele>
        <time>2026-05-11T23:00:45.391Z</time>
      </trkpt>
      <trkpt lat="48.749908" lon="2.119751">
        <ele>150.387992</ele>
        <time>2026-05-11T23:00:47.265Z</time>
      </trkpt>
      <trkpt lat="48.749828" lon="2.119811">
        <ele>150.513930</ele>
        <time>2026-05-11T23:00:49.298Z</time>
      </trkpt>
      <trkpt lat="48.749244" lon="2.119667">
        <ele>151.420719</ele>
        <time>2026-05-11T23:01:03.236Z</time>
      </trkpt>
      <trkpt lat="48.748929" lon="2.119518">
        <ele>151.999078</ele>
        <time>2026-05-11T23:01:10.887Z</time>
      </trkpt>
      <trkpt lat="48.748649" lon="2.119305">
        <ele>152.548136</ele>
        <time>2026-05-11T23:01:18.068Z</time>
      </trkpt>
      <trkpt lat="48.748150" lon="2.118742">
        <ele>153.638264</ele>
        <time>2026-05-11T23:01:31.765Z</time>
      </trkpt>
      <trkpt lat="48.747953" lon="2.118403">
        <ele>154.160504</ele>
        <time>2026-05-11T23:01:37.899Z</time>
      </trkpt>
      <trkpt lat="48.747698" lon="2.117860">
        <ele>154.550233</ele>
        <time>2026-05-11T23:01:45.866Z</time>
      </trkpt>
      <trkpt lat="48.747687" lon="2.117796">
        <ele>154.586604</ele>
        <time>2026-05-11T23:01:46.641Z</time>
      </trkpt>
      <trkpt lat="48.747711" lon="2.117653">
        <ele>154.667752</ele>
        <time>2026-05-11T23:01:48.369Z</time>
      </trkpt>
      <trkpt lat="48.747686" lon="2.117531">
        <ele>154.738008</ele>
        <time>2026-05-11T23:01:49.850Z</time>
      </trkpt>
      <trkpt lat="48.747649" lon="2.117468">
        <ele>154.784404</ele>
        <time>2026-05-11T23:01:50.824Z</time>
      </trkpt>
      <trkpt lat="48.747527" lon="2.117407">
        <ele>154.891541</ele>
        <time>2026-05-11T23:01:53.060Z</time>
      </trkpt>
      <trkpt lat="48.747469" lon="2.117284">
        <ele>154.974700</ele>
        <time>2026-05-11T23:01:54.816Z</time>
      </trkpt>
      <trkpt lat="48.747336" lon="2.117019">
        <ele>155.157845</ele>
        <time>2026-05-11T23:01:58.578Z</time>
      </trkpt>
      <trkpt lat="48.747226" lon="2.116921">
        <ele>155.264246</ele>
        <time>2026-05-11T23:02:00.764Z</time>
      </trkpt>
      <trkpt lat="48.747014" lon="2.116364">
        <ele>155.617928</ele>
        <time>2026-05-11T23:02:08.210Z</time>
      </trkpt>
      <trkpt lat="48.746886" lon="2.115926">
        <ele>155.942230</ele>
        <time>2026-05-11T23:02:13.731Z</time>
      </trkpt>
      <trkpt lat="48.746804" lon="2.115705">
        <ele>156.129704</ele>
        <time>2026-05-11T23:02:16.716Z</time>
      </trkpt>
      <trkpt lat="48.746762" lon="2.115594">
        <ele>156.224316</ele>
        <time>2026-05-11T23:02:18.338Z</time>
      </trkpt>
      <trkpt lat="48.746384" lon="2.114782">
        <ele>156.959147</ele>
        <time>2026-05-11T23:02:31.508Z</time>
      </trkpt>
      <trkpt lat="48.746174" lon="2.114447">
        <ele>157.300868</ele>
        <time>2026-05-11T23:02:37.777Z</time>
      </trkpt>
      <trkpt lat="48.746142" lon="2.114383">
        <ele>157.360247</ele>
        <time>2026-05-11T23:02:38.867Z</time>
      </trkpt>
      <trkpt lat="48.746136" lon="2.114249">
        <ele>157.459541</ele>
        <time>2026-05-11T23:02:40.708Z</time>
      </trkpt>
      <trkpt lat="48.746150" lon="2.114180">
        <ele>157.512913</ele>
        <time>2026-05-11T23:02:41.673Z</time>
      </trkpt>
      <trkpt lat="48.746140" lon="2.113938">
        <ele>157.692175</ele>
        <time>2026-05-11T23:02:44.883Z</time>
      </trkpt>
      <trkpt lat="48.746087" lon="2.113769">
        <ele>157.768497</ele>
        <time>2026-05-11T23:02:47.313Z</time>
      </trkpt>
      <trkpt lat="48.746060" lon="2.113657">
        <ele>157.806587</ele>
        <time>2026-05-11T23:02:48.838Z</time>
      </trkpt>
      <trkpt lat="48.746060" lon="2.113374">
        <ele>157.896981</ele>
        <time>2026-05-11T23:02:52.357Z</time>
      </trkpt>
      <trkpt lat="48.746063" lon="2.113220">
        <ele>157.946192</ele>
        <time>2026-05-11T23:02:54.171Z</time>
      </trkpt>
      <trkpt lat="48.746064" lon="2.113124">
        <ele>157.976859</ele>
        <time>2026-05-11T23:02:55.272Z</time>
      </trkpt>
      <trkpt lat="48.746044" lon="2.113102">
        <ele>157.988827</ele>
        <time>2026-05-11T23:02:55.689Z</time>
      </trkpt>
      <trkpt lat="48.745943" lon="2.113106">
        <ele>158.037768</ele>
        <time>2026-05-11T23:02:57.341Z</time>
      </trkpt>
      <trkpt lat="48.745907" lon="2.113107">
        <ele>158.055210</ele>
        <time>2026-05-11T23:02:57.964Z</time>
      </trkpt>
      <trkpt lat="48.745923" lon="2.112837">
        <ele>158.141799</ele>
        <time>2026-05-11T23:03:00.903Z</time>
      </trkpt>
      <trkpt lat="48.745940" lon="2.112570">
        <ele>158.227479</ele>
        <time>2026-05-11T23:03:03.651Z</time>
      </trkpt>
      <trkpt lat="48.745962" lon="2.112140">
        <ele>158.365239</ele>
        <time>2026-05-11T23:03:08.102Z</time>
      </trkpt>
      <trkpt lat="48.746004" lon="2.111914">
        <ele>158.440238</ele>
        <time>2026-05-11T23:03:10.445Z</time>
      </trkpt>
      <trkpt lat="48.746026" lon="2.111818">
        <ele>158.472701</ele>
        <time>2026-05-11T23:03:11.413Z</time>
      </trkpt>
      <trkpt lat="48.746016" lon="2.111782">
        <ele>158.485178</ele>
        <time>2026-05-11T23:03:11.807Z</time>
      </trkpt>
      <trkpt lat="48.746069" lon="2.111648">
        <ele>158.535089</ele>
        <time>2026-05-11T23:03:13.377Z</time>
      </trkpt>
      <trkpt lat="48.746065" lon="2.111569">
        <ele>158.560397</ele>
        <time>2026-05-11T23:03:14.167Z</time>
      </trkpt>
      <trkpt lat="48.746097" lon="2.111037">
        <ele>158.683688</ele>
        <time>2026-05-11T23:03:19.373Z</time>
      </trkpt>
      <trkpt lat="48.746098" lon="2.110484">
        <ele>158.799928</ele>
        <time>2026-05-11T23:03:24.943Z</time>
      </trkpt>
      <trkpt lat="48.746070" lon="2.108658">
        <ele>159.183437</ele>
        <time>2026-05-11T23:03:45.242Z</time>
      </trkpt>
      <trkpt lat="48.746044" lon="2.108082">
        <ele>159.301968</ele>
        <time>2026-05-11T23:03:51.486Z</time>
      </trkpt>
      <trkpt lat="48.745936" lon="2.107663">
        <ele>159.394329</ele>
        <time>2026-05-11T23:03:56.300Z</time>
      </trkpt>
      <trkpt lat="48.745723" lon="2.107287">
        <ele>159.496098</ele>
        <time>2026-05-11T23:04:01.527Z</time>
      </trkpt>
      <trkpt lat="48.745072" lon="2.106413">
        <ele>159.727190</ele>
        <time>2026-05-11T23:04:15.083Z</time>
      </trkpt>
      <trkpt lat="48.742879" lon="2.103468">
        <ele>159.580116</ele>
        <time>2026-05-11T23:04:58.372Z</time>
      </trkpt>
      <trkpt lat="48.741755" lon="2.101950">
        <ele>159.169694</ele>
        <time>2026-05-11T23:05:18.998Z</time>
      </trkpt>
      <trkpt lat="48.741510" lon="2.101529">
        <ele>159.039267</ele>
        <time>2026-05-11T23:05:24.073Z</time>
      </trkpt>
      <trkpt lat="48.741219" lon="2.100791">
        <ele>158.798818</ele>
        <time>2026-05-11T23:05:31.849Z</time>
      </trkpt>
      <trkpt lat="48.740877" lon="2.099546">
        <ele>158.147275</ele>
        <time>2026-05-11T23:05:43.278Z</time>
      </trkpt>
      <trkpt lat="48.740747" lon="2.098858">
        <ele>157.801532</ele>
        <time>2026-05-11T23:05:48.963Z</time>
      </trkpt>
      <trkpt lat="48.740681" lon="2.098333">
        <ele>157.551716</ele>
        <time>2026-05-11T23:05:53.287Z</time>
      </trkpt>
      <trkpt lat="48.740677" lon="2.098158">
        <ele>157.510608</ele>
        <time>2026-05-11T23:05:54.768Z</time>
      </trkpt>
      <trkpt lat="48.740759" lon="2.097793">
        <ele>157.420085</ele>
        <time>2026-05-11T23:05:58.022Z</time>
      </trkpt>
      <trkpt lat="48.740756" lon="2.097756">
        <ele>157.411333</ele>
        <time>2026-05-11T23:05:58.346Z</time>
      </trkpt>
      <trkpt lat="48.740597" lon="2.097444">
        <ele>157.318766</ele>
        <time>2026-05-11T23:06:01.713Z</time>
      </trkpt>
      <trkpt lat="48.740556" lon="2.097272">
        <ele>157.275830</ele>
        <time>2026-05-11T23:06:03.316Z</time>
      </trkpt>
      <trkpt lat="48.740601" lon="2.097191">
        <ele>157.250966</ele>
        <time>2026-05-11T23:06:04.261Z</time>
      </trkpt>
      <trkpt lat="48.740656" lon="2.096998">
        <ele>157.201608</ele>
        <time>2026-05-11T23:06:06.144Z</time>
      </trkpt>
      <trkpt lat="48.740664" lon="2.096892">
        <ele>157.176561</ele>
        <time>2026-05-11T23:06:07.112Z</time>
      </trkpt>
      <trkpt lat="48.740638" lon="2.096685">
        <ele>157.127092</ele>
        <time>2026-05-11T23:06:09.078Z</time>
      </trkpt>
      <trkpt lat="48.740576" lon="2.096534">
        <ele>157.085334</ele>
        <time>2026-05-11T23:06:10.797Z</time>
      </trkpt>
      <trkpt lat="48.740547" lon="2.096490">
        <ele>157.070730</ele>
        <time>2026-05-11T23:06:11.412Z</time>
      </trkpt>
      <trkpt lat="48.740445" lon="2.096393">
        <ele>157.027869</ele>
        <time>2026-05-11T23:06:13.223Z</time>
      </trkpt>
      <trkpt lat="48.740244" lon="2.096363">
        <ele>156.955970</ele>
        <time>2026-05-11T23:06:16.344Z</time>
      </trkpt>
      <trkpt lat="48.740119" lon="2.096440">
        <ele>156.909924</ele>
        <time>2026-05-11T23:06:18.538Z</time>
      </trkpt>
      <trkpt lat="48.739989" lon="2.096373">
        <ele>156.869546</ele>
        <time>2026-05-11T23:06:20.782Z</time>
      </trkpt>
      <trkpt lat="48.739725" lon="2.095948">
        <ele>156.756318</ele>
        <time>2026-05-11T23:06:26.680Z</time>
      </trkpt>
      <trkpt lat="48.739702" lon="2.095912">
        <ele>156.746597</ele>
        <time>2026-05-11T23:06:27.152Z</time>
      </trkpt>
      <trkpt lat="48.739505" lon="2.095604">
        <ele>156.663386</ele>
        <time>2026-05-11T23:06:31.246Z</time>
      </trkpt>
      <trkpt lat="48.739142" lon="2.094965">
        <ele>156.499823</ele>
        <time>2026-05-11T23:06:38.796Z</time>
      </trkpt>
      <trkpt lat="48.739006" lon="2.094787">
        <ele>156.446991</ele>
        <time>2026-05-11T23:06:41.145Z</time>
      </trkpt>
      <trkpt lat="48.738844" lon="2.094619">
        <ele>156.383773</ele>
        <time>2026-05-11T23:06:43.643Z</time>
      </trkpt>
      <trkpt lat="48.738667" lon="2.094473">
        <ele>156.037484</ele>
        <time>2026-05-11T23:06:46.128Z</time>
      </trkpt>
      <trkpt lat="48.738316" lon="2.094161">
        <ele>155.338242</ele>
        <time>2026-05-11T23:06:50.909Z</time>
      </trkpt>
      <trkpt lat="48.738156" lon="2.094019">
        <ele>155.019626</ele>
        <time>2026-05-11T23:06:53.044Z</time>
      </trkpt>
      <trkpt lat="48.738135" lon="2.093999">
        <ele>154.977007</ele>
        <time>2026-05-11T23:06:53.323Z</time>
      </trkpt>
      <trkpt lat="48.738112" lon="2.093976">
        <ele>154.929657</ele>
        <time>2026-05-11T23:06:53.638Z</time>
      </trkpt>
      <trkpt lat="48.738097" lon="2.093963">
        <ele>154.899964</ele>
        <time>2026-05-11T23:06:53.835Z</time>
      </trkpt>
      <trkpt lat="48.738005" lon="2.093883">
        <ele>154.717697</ele>
        <time>2026-05-11T23:06:55.031Z</time>
      </trkpt>
      <trkpt lat="48.737851" lon="2.093752">
        <ele>154.414228</ele>
        <time>2026-05-11T23:06:56.996Z</time>
      </trkpt>
      <trkpt lat="48.737709" lon="2.093596">
        <ele>154.112864</ele>
        <time>2026-05-11T23:06:58.908Z</time>
      </trkpt>
      <trkpt lat="48.737328" lon="2.092888">
        <ele>152.775090</ele>
        <time>2026-05-11T23:07:05.272Z</time>
      </trkpt>
      <trkpt lat="48.737074" lon="2.092501">
        <ele>151.314653</ele>
        <time>2026-05-11T23:07:09.076Z</time>
      </trkpt>
      <trkpt lat="48.736798" lon="2.092064">
        <ele>149.696171</ele>
        <time>2026-05-11T23:07:13.310Z</time>
      </trkpt>
      <trkpt lat="48.736488" lon="2.091575">
        <ele>147.881844</ele>
        <time>2026-05-11T23:07:17.730Z</time>
      </trkpt>
      <trkpt lat="48.736437" lon="2.091458">
        <ele>147.506699</ele>
        <time>2026-05-11T23:07:18.605Z</time>
      </trkpt>
      <trkpt lat="48.736373" lon="2.091328">
        <ele>147.072761</ele>
        <time>2026-05-11T23:07:19.595Z</time>
      </trkpt>
      <trkpt lat="48.736303" lon="2.091256">
        <ele>146.729691</ele>
        <time>2026-05-11T23:07:20.363Z</time>
      </trkpt>
      <trkpt lat="48.736145" lon="2.091200">
        <ele>146.071592</ele>
        <time>2026-05-11T23:07:21.826Z</time>
      </trkpt>
      <trkpt lat="48.735837" lon="2.091160">
        <ele>142.913808</ele>
        <time>2026-05-11T23:07:24.564Z</time>
      </trkpt>
      <trkpt lat="48.735780" lon="2.091167">
        <ele>142.309641</ele>
        <time>2026-05-11T23:07:25.069Z</time>
      </trkpt>
      <trkpt lat="48.735577" lon="2.091254">
        <ele>140.080952</ele>
        <time>2026-05-11T23:07:26.908Z</time>
      </trkpt>
      <trkpt lat="48.734915" lon="2.091427">
        <ele>132.983911</ele>
        <time>2026-05-11T23:07:32.632Z</time>
      </trkpt>
      <trkpt lat="48.734420" lon="2.091483">
        <ele>127.739783</ele>
        <time>2026-05-11T23:07:36.775Z</time>
      </trkpt>
      <trkpt lat="48.734150" lon="2.091414">
        <ele>125.032610</ele>
        <time>2026-05-11T23:07:39.065Z</time>
      </trkpt>
      <trkpt lat="48.733963" lon="2.091250">
        <ele>122.946832</ele>
        <time>2026-05-11T23:07:40.890Z</time>
      </trkpt>
      <trkpt lat="48.733763" lon="2.091073">
        <ele>120.710937</ele>
        <time>2026-05-11T23:07:42.860Z</time>
      </trkpt>
      <trkpt lat="48.733648" lon="2.091029">
        <ele>119.565801</ele>
        <time>2026-05-11T23:07:43.877Z</time>
      </trkpt>
      <trkpt lat="48.733619" lon="2.091032">
        <ele>119.285154</ele>
        <time>2026-05-11T23:07:44.123Z</time>
      </trkpt>
      <trkpt lat="48.733477" lon="2.091111">
        <ele>117.824755</ele>
        <time>2026-05-11T23:07:45.430Z</time>
      </trkpt>
      <trkpt lat="48.733370" lon="2.091317">
        <ele>116.154976</ele>
        <time>2026-05-11T23:07:46.937Z</time>
      </trkpt>
      <trkpt lat="48.733348" lon="2.091502">
        <ele>114.957881</ele>
        <time>2026-05-11T23:07:48.021Z</time>
      </trkpt>
      <trkpt lat="48.733379" lon="2.091671">
        <ele>113.840826</ele>
        <time>2026-05-11T23:07:49.038Z</time>
      </trkpt>
      <trkpt lat="48.733440" lon="2.091819">
        <ele>112.729460</ele>
        <time>2026-05-11T23:07:50.055Z</time>
      </trkpt>
      <trkpt lat="48.733500" lon="2.092120">
        <ele>110.727037</ele>
        <time>2026-05-11T23:07:51.895Z</time>
      </trkpt>
      <trkpt lat="48.733448" lon="2.092492">
        <ele>109.266436</ele>
        <time>2026-05-11T23:07:54.179Z</time>
      </trkpt>
      <trkpt lat="48.733430" lon="2.092614">
        <ele>109.045335</ele>
        <time>2026-05-11T23:07:54.961Z</time>
      </trkpt>
      <trkpt lat="48.733390" lon="2.092677">
        <ele>108.890677</ele>
        <time>2026-05-11T23:07:55.532Z</time>
      </trkpt>
      <trkpt lat="48.733259" lon="2.092538">
        <ele>108.461927</ele>
        <time>2026-05-11T23:07:57.150Z</time>
      </trkpt>
      <trkpt lat="48.732807" lon="2.092269">
        <ele>107.159877</ele>
        <time>2026-05-11T23:08:02.084Z</time>
      </trkpt>
      <trkpt lat="48.732421" lon="2.092065">
        <ele>106.063752</ele>
        <time>2026-05-11T23:08:06.473Z</time>
      </trkpt>
      <trkpt lat="48.731796" lon="2.091892">
        <ele>105.499883</ele>
        <time>2026-05-11T23:08:15.123Z</time>
      </trkpt>
      <trkpt lat="48.731554" lon="2.091843">
        <ele>106.493057</ele>
        <time>2026-05-11T23:08:20.629Z</time>
      </trkpt>
      <trkpt lat="48.731234" lon="2.091896">
        <ele>107.802531</ele>
        <time>2026-05-11T23:08:29.714Z</time>
      </trkpt>
      <trkpt lat="48.730921" lon="2.092067">
        <ele>109.155932</ele>
        <time>2026-05-11T23:08:40.845Z</time>
      </trkpt>
      <trkpt lat="48.730527" lon="2.092366">
        <ele>110.948267</ele>
        <time>2026-05-11T23:08:57.850Z</time>
      </trkpt>
      <trkpt lat="48.730262" lon="2.092628">
        <ele>112.321536</ele>
        <time>2026-05-11T23:09:11.086Z</time>
      </trkpt>
      <trkpt lat="48.729655" lon="2.093384">
        <ele>118.129448</ele>
        <time>2026-05-11T23:09:46.112Z</time>
      </trkpt>
      <trkpt lat="48.729511" lon="2.093511">
        <ele>119.361124</ele>
        <time>2026-05-11T23:09:53.600Z</time>
      </trkpt>
      <trkpt lat="48.729196" lon="2.093637">
        <ele>121.769705</ele>
        <time>2026-05-11T23:10:08.494Z</time>
      </trkpt>
      <trkpt lat="48.729021" lon="2.093650">
        <ele>123.065080</ele>
        <time>2026-05-11T23:10:16.598Z</time>
      </trkpt>
      <trkpt lat="48.728682" lon="2.093513">
        <ele>125.647116</ele>
        <time>2026-05-11T23:10:32.778Z</time>
      </trkpt>
      <trkpt lat="48.728363" lon="2.093530">
        <ele>127.886605</ele>
        <time>2026-05-11T23:10:47.204Z</time>
      </trkpt>
      <trkpt lat="48.728229" lon="2.093590">
        <ele>128.866899</ele>
        <time>2026-05-11T23:10:53.507Z</time>
      </trkpt>
      <trkpt lat="48.727929" lon="2.093873">
        <ele>131.345923</ele>
        <time>2026-05-11T23:11:09.177Z</time>
      </trkpt>
      <trkpt lat="48.727429" lon="2.094513">
        <ele>135.937128</ele>
        <time>2026-05-11T23:11:36.222Z</time>
      </trkpt>
      <trkpt lat="48.727197" lon="2.094768">
        <ele>137.947654</ele>
        <time>2026-05-11T23:11:47.800Z</time>
      </trkpt>
      <trkpt lat="48.727026" lon="2.094892">
        <ele>139.271926</ele>
        <time>2026-05-11T23:11:55.442Z</time>
      </trkpt>
      <trkpt lat="48.726836" lon="2.094981">
        <ele>140.660742</ele>
        <time>2026-05-11T23:12:03.465Z</time>
      </trkpt>
      <trkpt lat="48.726578" lon="2.095054">
        <ele>142.493667</ele>
        <time>2026-05-11T23:12:14.370Z</time>
      </trkpt>
      <trkpt lat="48.726441" lon="2.095053">
        <ele>143.450454</ele>
        <time>2026-05-11T23:12:20.191Z</time>
      </trkpt>
      <trkpt lat="48.726247" lon="2.094997">
        <ele>144.829647</ele>
        <time>2026-05-11T23:12:28.748Z</time>
      </trkpt>
      <trkpt lat="48.725703" lon="2.094728">
        <ele>148.825823</ele>
        <time>2026-05-11T23:12:54.775Z</time>
      </trkpt>
      <trkpt lat="48.725163" lon="2.094676">
        <ele>151.984256</ele>
        <time>2026-05-11T23:13:18.672Z</time>
      </trkpt>
      <trkpt lat="48.724896" lon="2.094493">
        <ele>153.394766</ele>
        <time>2026-05-11T23:13:30.529Z</time>
      </trkpt>
      <trkpt lat="48.724772" lon="2.094341">
        <ele>154.162393</ele>
        <time>2026-05-11T23:13:36.556Z</time>
      </trkpt>
      <trkpt lat="48.724660" lon="2.094098">
        <ele>155.103713</ele>
        <time>2026-05-11T23:13:43.532Z</time>
      </trkpt>
      <trkpt lat="48.724504" lon="2.093311">
        <ele>157.713189</ele>
        <time>2026-05-11T23:14:00.182Z</time>
      </trkpt>
      <trkpt lat="48.724323" lon="2.092254">
        <ele>159.806759</ele>
        <time>2026-05-11T23:14:16.855Z</time>
      </trkpt>
      <trkpt lat="48.724206" lon="2.091580">
        <ele>160.431608</ele>
        <time>2026-05-11T23:14:26.334Z</time>
      </trkpt>
      <trkpt lat="48.724076" lon="2.090883">
        <ele>161.081004</ele>
        <time>2026-05-11T23:14:35.385Z</time>
      </trkpt>
      <trkpt lat="48.723997" lon="2.090626">
        <ele>161.335207</ele>
        <time>2026-05-11T23:14:38.784Z</time>
      </trkpt>
      <trkpt lat="48.723878" lon="2.090394">
        <ele>161.598686</ele>
        <time>2026-05-11T23:14:42.245Z</time>
      </trkpt>
      <trkpt lat="48.723742" lon="2.090205">
        <ele>161.684060</ele>
        <time>2026-05-11T23:14:45.466Z</time>
      </trkpt>
      <trkpt lat="48.723201" lon="2.089647">
        <ele>161.513804</ele>
        <time>2026-05-11T23:14:55.648Z</time>
      </trkpt>
      <trkpt lat="48.723099" lon="2.089560">
        <ele>161.483352</ele>
        <time>2026-05-11T23:14:57.247Z</time>
      </trkpt>
      <trkpt lat="48.722461" lon="2.089202">
        <ele>161.306343</ele>
        <time>2026-05-11T23:15:06.036Z</time>
      </trkpt>
      <trkpt lat="48.721558" lon="2.088739">
        <ele>160.421039</ele>
        <time>2026-05-11T23:15:17.802Z</time>
      </trkpt>
      <trkpt lat="48.721120" lon="2.088500">
        <ele>159.881173</ele>
        <time>2026-05-11T23:15:23.348Z</time>
      </trkpt>
      <trkpt lat="48.720656" lon="2.088262">
        <ele>159.313090</ele>
        <time>2026-05-11T23:15:29.061Z</time>
      </trkpt>
      <trkpt lat="48.720461" lon="2.088166">
        <ele>159.078042</ele>
        <time>2026-05-11T23:15:31.398Z</time>
      </trkpt>
      <trkpt lat="48.720182" lon="2.088001">
        <ele>158.742350</ele>
        <time>2026-05-11T23:15:34.784Z</time>
      </trkpt>
      <trkpt lat="48.720107" lon="2.087937">
        <ele>158.645875</ele>
        <time>2026-05-11T23:15:35.771Z</time>
      </trkpt>
      <trkpt lat="48.720072" lon="2.087806">
        <ele>158.541358</ele>
        <time>2026-05-11T23:15:36.839Z</time>
      </trkpt>
      <trkpt lat="48.720024" lon="2.087734">
        <ele>158.465663</ele>
        <time>2026-05-11T23:15:37.633Z</time>
      </trkpt>
      <trkpt lat="48.719901" lon="2.087677">
        <ele>158.321493</ele>
        <time>2026-05-11T23:15:39.127Z</time>
      </trkpt>
      <trkpt lat="48.719847" lon="2.087691">
        <ele>158.260085</ele>
        <time>2026-05-11T23:15:39.771Z</time>
      </trkpt>
      <trkpt lat="48.719764" lon="2.087766">
        <ele>158.151772</ele>
        <time>2026-05-11T23:15:40.915Z</time>
      </trkpt>
      <trkpt lat="48.719364" lon="2.087602">
        <ele>157.687298</ele>
        <time>2026-05-11T23:15:45.899Z</time>
      </trkpt>
      <trkpt lat="48.718621" lon="2.087230">
        <ele>157.072522</ele>
        <time>2026-05-11T23:15:55.990Z</time>
      </trkpt>
      <trkpt lat="48.718429" lon="2.087139">
        <ele>157.026042</ele>
        <time>2026-05-11T23:15:58.815Z</time>
      </trkpt>
      <trkpt lat="48.717303" lon="2.086594">
        <ele>156.752935</ele>
        <time>2026-05-11T23:16:16.168Z</time>
      </trkpt>
      <trkpt lat="48.716618" lon="2.086269">
        <ele>156.532539</ele>
        <time>2026-05-11T23:16:26.286Z</time>
      </trkpt>
      <trkpt lat="48.716434" lon="2.086146">
        <ele>156.467701</ele>
        <time>2026-05-11T23:16:29.037Z</time>
      </trkpt>
      <trkpt lat="48.715863" lon="2.085894">
        <ele>156.275956</ele>
        <time>2026-05-11T23:16:37.053Z</time>
      </trkpt>
      <trkpt lat="48.715786" lon="2.085859">
        <ele>156.250037</ele>
        <time>2026-05-11T23:16:38.141Z</time>
      </trkpt>
      <trkpt lat="48.715637" lon="2.085786">
        <ele>156.199550</ele>
        <time>2026-05-11T23:16:40.253Z</time>
      </trkpt>
      <trkpt lat="48.715192" lon="2.085582">
        <ele>155.979055</ele>
        <time>2026-05-11T23:16:46.540Z</time>
      </trkpt>
      <trkpt lat="48.714825" lon="2.085486">
        <ele>155.770200</ele>
        <time>2026-05-11T23:16:51.589Z</time>
      </trkpt>
      <trkpt lat="48.714510" lon="2.085384">
        <ele>155.589562</ele>
        <time>2026-05-11T23:16:55.842Z</time>
      </trkpt>
      <trkpt lat="48.714136" lon="2.085281">
        <ele>155.376390</ele>
        <time>2026-05-11T23:17:00.817Z</time>
      </trkpt>
      <trkpt lat="48.713968" lon="2.085175">
        <ele>155.274338</ele>
        <time>2026-05-11T23:17:03.185Z</time>
      </trkpt>
      <trkpt lat="48.713758" lon="2.085100">
        <ele>155.153345</ele>
        <time>2026-05-11T23:17:05.947Z</time>
      </trkpt>
      <trkpt lat="48.713489" lon="2.085034">
        <ele>154.642204</ele>
        <time>2026-05-11T23:17:09.387Z</time>
      </trkpt>
      <trkpt lat="48.712630" lon="2.084807">
        <ele>152.864339</ele>
        <time>2026-05-11T23:17:19.842Z</time>
      </trkpt>
      <trkpt lat="48.712040" lon="2.084573">
        <ele>151.620860</ele>
        <time>2026-05-11T23:17:26.388Z</time>
      </trkpt>
      <trkpt lat="48.711837" lon="2.084560">
        <ele>150.304056</ele>
        <time>2026-05-11T23:17:28.370Z</time>
      </trkpt>
      <trkpt lat="48.711180" lon="2.084620">
        <ele>144.349354</ele>
        <time>2026-05-11T23:17:34.285Z</time>
      </trkpt>
      <trkpt lat="48.711096" lon="2.084630">
        <ele>143.587060</ele>
        <time>2026-05-11T23:17:35.017Z</time>
      </trkpt>
      <trkpt lat="48.710945" lon="2.084708">
        <ele>142.143776</ele>
        <time>2026-05-11T23:17:36.384Z</time>
      </trkpt>
      <trkpt lat="48.710518" lon="2.085063">
        <ele>137.737547</ele>
        <time>2026-05-11T23:17:40.511Z</time>
      </trkpt>
      <trkpt lat="48.710468" lon="2.085078">
        <ele>137.276415</ele>
        <time>2026-05-11T23:17:40.936Z</time>
      </trkpt>
      <trkpt lat="48.710341" lon="2.085084">
        <ele>136.126880</ele>
        <time>2026-05-11T23:17:41.995Z</time>
      </trkpt>
      <trkpt lat="48.710269" lon="2.085055">
        <ele>135.452878</ele>
        <time>2026-05-11T23:17:42.624Z</time>
      </trkpt>
      <trkpt lat="48.710131" lon="2.084921">
        <ele>133.861863</ele>
        <time>2026-05-11T23:17:43.989Z</time>
      </trkpt>
      <trkpt lat="48.709577" lon="2.083721">
        <ele>124.347382</ele>
        <time>2026-05-11T23:17:52.137Z</time>
      </trkpt>
      <trkpt lat="48.709464" lon="2.083396">
        <ele>121.960809</ele>
        <time>2026-05-11T23:17:54.268Z</time>
      </trkpt>
      <trkpt lat="48.709428" lon="2.083183">
        <ele>120.532353</ele>
        <time>2026-05-11T23:17:55.567Z</time>
      </trkpt>
      <trkpt lat="48.709425" lon="2.082680">
        <ele>117.419097</ele>
        <time>2026-05-11T23:17:58.637Z</time>
      </trkpt>
      <trkpt lat="48.709615" lon="2.081268">
        <ele>114.514952</ele>
        <time>2026-05-11T23:18:08.712Z</time>
      </trkpt>
      <trkpt lat="48.709645" lon="2.080653">
        <ele>113.272172</ele>
        <time>2026-05-11T23:18:13.289Z</time>
      </trkpt>
      <trkpt lat="48.709549" lon="2.079625">
        <ele>110.844807</ele>
        <time>2026-05-11T23:18:20.360Z</time>
      </trkpt>
      <trkpt lat="48.709448" lon="2.078703">
        <ele>108.187740</ele>
        <time>2026-05-11T23:18:26.431Z</time>
      </trkpt>
      <trkpt lat="48.709389" lon="2.078452">
        <ele>107.430239</ele>
        <time>2026-05-11T23:18:28.121Z</time>
      </trkpt>
      <trkpt lat="48.709160" lon="2.077819">
        <ele>105.377946</ele>
        <time>2026-05-11T23:18:32.595Z</time>
      </trkpt>
      <trkpt lat="48.708871" lon="2.077227">
        <ele>102.817866</ele>
        <time>2026-05-11T23:18:37.111Z</time>
      </trkpt>
      <trkpt lat="48.708249" lon="2.076350">
        <ele>97.382535</ele>
        <time>2026-05-11T23:18:44.848Z</time>
      </trkpt>
      <trkpt lat="48.707603" lon="2.075636">
        <ele>92.337461</ele>
        <time>2026-05-11T23:18:52.017Z</time>
      </trkpt>
      <trkpt lat="48.707346" lon="2.075352">
        <ele>90.605240</ele>
        <time>2026-05-11T23:18:54.884Z</time>
      </trkpt>
      <trkpt lat="48.707086" lon="2.075070">
        <ele>88.863983</ele>
        <time>2026-05-11T23:18:57.810Z</time>
      </trkpt>
      <trkpt lat="48.706674" lon="2.074626">
        <ele>86.110726</ele>
        <time>2026-05-11T23:19:02.576Z</time>
      </trkpt>
      <trkpt lat="48.706594" lon="2.074568">
        <ele>85.627755</ele>
        <time>2026-05-11T23:19:03.420Z</time>
      </trkpt>
      <trkpt lat="48.706594" lon="2.074432">
        <ele>85.138992</ele>
        <time>2026-05-11T23:19:04.288Z</time>
      </trkpt>
      <trkpt lat="48.706521" lon="2.074354">
        <ele>84.652547</ele>
        <time>2026-05-11T23:19:05.152Z</time>
      </trkpt>
      <trkpt lat="48.706541" lon="2.074238">
        <ele>84.221667</ele>
        <time>2026-05-11T23:19:05.932Z</time>
      </trkpt>
      <trkpt lat="48.706561" lon="2.073827">
        <ele>82.800398</ele>
        <time>2026-05-11T23:19:08.549Z</time>
      </trkpt>
      <trkpt lat="48.706603" lon="2.073675">
        <ele>82.382145</ele>
        <time>2026-05-11T23:19:09.576Z</time>
      </trkpt>
      <trkpt lat="48.706645" lon="2.073464">
        <ele>81.822765</ele>
        <time>2026-05-11T23:19:10.962Z</time>
      </trkpt>
      <trkpt lat="48.706664" lon="2.073299">
        <ele>81.397643</ele>
        <time>2026-05-11T23:19:12.022Z</time>
      </trkpt>
      <trkpt lat="48.706643" lon="2.073064">
        <ele>80.795736</ele>
        <time>2026-05-11T23:19:13.530Z</time>
      </trkpt>
      <trkpt lat="48.706542" lon="2.072698">
        <ele>79.788824</ele>
        <time>2026-05-11T23:19:16.102Z</time>
      </trkpt>
      <trkpt lat="48.706333" lon="2.072316">
        <ele>78.529361</ele>
        <time>2026-05-11T23:19:19.314Z</time>
      </trkpt>
      <trkpt lat="48.706290" lon="2.072249">
        <ele>78.292144</ele>
        <time>2026-05-11T23:19:19.919Z</time>
      </trkpt>
      <trkpt lat="48.706222" lon="2.072127">
        <ele>77.886818</ele>
        <time>2026-05-11T23:19:20.943Z</time>
      </trkpt>
      <trkpt lat="48.706187" lon="2.072066">
        <ele>77.681652</ele>
        <time>2026-05-11T23:19:21.462Z</time>
      </trkpt>
      <trkpt lat="48.706163" lon="2.072019">
        <ele>77.530815</ele>
        <time>2026-05-11T23:19:21.849Z</time>
      </trkpt>
      <trkpt lat="48.706093" lon="2.071735">
        <ele>76.761337</ele>
        <time>2026-05-11T23:19:23.825Z</time>
      </trkpt>
      <trkpt lat="48.706096" lon="2.071690">
        <ele>76.646538</ele>
        <time>2026-05-11T23:19:24.127Z</time>
      </trkpt>
      <trkpt lat="48.706045" lon="2.071624">
        <ele>76.388586</ele>
        <time>2026-05-11T23:19:24.801Z</time>
      </trkpt>
      <trkpt lat="48.706011" lon="2.071641">
        <ele>76.250881</ele>
        <time>2026-05-11T23:19:25.170Z</time>
      </trkpt>
      <trkpt lat="48.705877" lon="2.071575">
        <ele>75.947316</ele>
        <time>2026-05-11T23:19:26.616Z</time>
      </trkpt>
      <trkpt lat="48.705739" lon="2.071395">
        <ele>75.772976</ele>
        <time>2026-05-11T23:19:28.516Z</time>
      </trkpt>
      <trkpt lat="48.705564" lon="2.071165">
        <ele>75.551174</ele>
        <time>2026-05-11T23:19:31.017Z</time>
      </trkpt>
      <trkpt lat="48.705316" lon="2.070823">
        <ele>75.230110</ele>
        <time>2026-05-11T23:19:35.000Z</time>
      </trkpt>
      <trkpt lat="48.705252" lon="2.070685">
        <ele>75.123534</ele>
        <time>2026-05-11T23:19:36.406Z</time>
      </trkpt>
      <trkpt lat="48.705238" lon="2.070655">
        <ele>75.100317</ele>
        <time>2026-05-11T23:19:36.708Z</time>
      </trkpt>
      <trkpt lat="48.705232" lon="2.070644">
        <ele>75.091300</ele>
        <time>2026-05-11T23:19:36.829Z</time>
      </trkpt>
      <trkpt lat="48.705175" lon="2.070521">
        <ele>74.996332</ele>
        <time>2026-05-11T23:19:38.126Z</time>
      </trkpt>
      <trkpt lat="48.704873" lon="2.069924">
        <ele>74.521030</ele>
        <time>2026-05-11T23:19:45.190Z</time>
      </trkpt>
      <trkpt lat="48.704718" lon="2.069835">
        <ele>74.362324</ele>
        <time>2026-05-11T23:19:48.128Z</time>
      </trkpt>
      <trkpt lat="48.704030" lon="2.069812">
        <ele>75.171437</ele>
        <time>2026-05-11T23:20:02.585Z</time>
      </trkpt>
      <trkpt lat="48.704032" lon="2.069742">
        <ele>75.235352</ele>
        <time>2026-05-11T23:20:03.531Z</time>
      </trkpt>
      <trkpt lat="48.703351" lon="2.069547">
        <ele>76.193326</ele>
        <time>2026-05-11T23:20:18.590Z</time>
      </trkpt>
      <trkpt lat="48.703243" lon="2.069404">
        <ele>76.391574</ele>
        <time>2026-05-11T23:20:21.641Z</time>
      </trkpt>
      <trkpt lat="48.703078" lon="2.069047">
        <ele>76.789161</ele>
        <time>2026-05-11T23:20:27.659Z</time>
      </trkpt>
      <trkpt lat="48.702829" lon="2.068469">
        <ele>77.233706</ele>
        <time>2026-05-11T23:20:36.410Z</time>
      </trkpt>
      <trkpt lat="48.702709" lon="2.068070">
        <ele>77.515883</ele>
        <time>2026-05-11T23:20:41.237Z</time>
      </trkpt>
      <trkpt lat="48.702579" lon="2.067073">
        <ele>78.169895</ele>
        <time>2026-05-11T23:20:52.688Z</time>
      </trkpt>
      <trkpt lat="48.702263" lon="2.065492">
        <ele>79.561448</ele>
        <time>2026-05-11T23:21:15.202Z</time>
      </trkpt>
      <trkpt lat="48.702253" lon="2.065037">
        <ele>79.994147</ele>
        <time>2026-05-11T23:21:21.877Z</time>
      </trkpt>
      <trkpt lat="48.702306" lon="2.063108">
        <ele>81.466595</ele>
        <time>2026-05-11T23:21:47.771Z</time>
      </trkpt>
      <trkpt lat="48.702337" lon="2.062828">
        <ele>81.595589</ele>
        <time>2026-05-11T23:21:51.134Z</time>
      </trkpt>
      <trkpt lat="48.702459" lon="2.062354">
        <ele>81.826746</ele>
        <time>2026-05-11T23:21:56.868Z</time>
      </trkpt>
      <trkpt lat="48.702568" lon="2.061779">
        <ele>82.098556</ele>
        <time>2026-05-11T23:22:03.242Z</time>
      </trkpt>
      <trkpt lat="48.702694" lon="2.057909">
        <ele>82.952285</ele>
        <time>2026-05-11T23:22:43.198Z</time>
      </trkpt>
      <trkpt lat="48.702633" lon="2.057290">
        <ele>83.159441</ele>
        <time>2026-05-11T23:22:50.464Z</time>
      </trkpt>
      <trkpt lat="48.702332" lon="2.055964">
        <ele>83.623577</ele>
        <time>2026-05-11T23:23:06.101Z</time>
      </trkpt>
      <trkpt lat="48.702313" lon="2.055726">
        <ele>83.746571</ele>
        <time>2026-05-11T23:23:08.832Z</time>
      </trkpt>
      <trkpt lat="48.702364" lon="2.055607">
        <ele>83.863686</ele>
        <time>2026-05-11T23:23:10.440Z</time>
      </trkpt>
      <trkpt lat="48.702378" lon="2.055496">
        <ele>83.956963</ele>
        <time>2026-05-11T23:23:11.750Z</time>
      </trkpt>
      <trkpt lat="48.702386" lon="2.055444">
        <ele>84.001034</ele>
        <time>2026-05-11T23:23:12.322Z</time>
      </trkpt>
      <trkpt lat="48.702345" lon="2.055249">
        <ele>84.169957</ele>
        <time>2026-05-11T23:23:14.681Z</time>
      </trkpt>
      <trkpt lat="48.702215" lon="2.055079">
        <ele>84.384720</ele>
        <time>2026-05-11T23:23:17.647Z</time>
      </trkpt>
      <trkpt lat="48.702181" lon="2.054990">
        <ele>84.469600</ele>
        <time>2026-05-11T23:23:18.883Z</time>
      </trkpt>
      <trkpt lat="48.702062" lon="2.053556">
        <ele>85.662545</ele>
        <time>2026-05-11T23:23:37.849Z</time>
      </trkpt>
      <trkpt lat="48.702118" lon="2.052987">
        <ele>86.382238</ele>
        <time>2026-05-11T23:23:46.919Z</time>
      </trkpt>
      <trkpt lat="48.702323" lon="2.050990">
        <ele>89.957222</ele>
        <time>2026-05-11T23:24:22.354Z</time>
      </trkpt>
      <trkpt lat="48.702365" lon="2.049331">
        <ele>91.696755</ele>
        <time>2026-05-11T23:24:49.932Z</time>
      </trkpt>
      <trkpt lat="48.702328" lon="2.048469">
        <ele>92.373865</ele>
        <time>2026-05-11T23:25:00.516Z</time>
      </trkpt>
      <trkpt lat="48.702324" lon="2.047814">
        <ele>92.872215</ele>
        <time>2026-05-11T23:25:06.387Z</time>
      </trkpt>
      <trkpt lat="48.702367" lon="2.047446">
        <ele>92.532668</ele>
        <time>2026-05-11T23:25:09.264Z</time>
      </trkpt>
      <trkpt lat="48.702422" lon="2.047264">
        <ele>92.350801</ele>
        <time>2026-05-11T23:25:10.760Z</time>
      </trkpt>
      <trkpt lat="48.702404" lon="2.046990">
        <ele>92.100627</ele>
        <time>2026-05-11T23:25:12.771Z</time>
      </trkpt>
      <trkpt lat="48.702319" lon="2.046967">
        <ele>91.981760</ele>
        <time>2026-05-11T23:25:13.733Z</time>
      </trkpt>
      <trkpt lat="48.702333" lon="2.046300">
        <ele>91.375449</ele>
        <time>2026-05-11T23:25:18.468Z</time>
      </trkpt>
      <trkpt lat="48.702388" lon="2.045946">
        <ele>91.045029</ele>
        <time>2026-05-11T23:25:21.046Z</time>
      </trkpt>
      <trkpt lat="48.702827" lon="2.044785">
        <ele>89.917344</ele>
        <time>2026-05-11T23:25:32.412Z</time>
      </trkpt>
      <trkpt lat="48.702931" lon="2.044579">
        <ele>89.717775</ele>
        <time>2026-05-11T23:25:34.845Z</time>
      </trkpt>
      <trkpt lat="48.703080" lon="2.044131">
        <ele>89.331758</ele>
        <time>2026-05-11T23:25:39.158Z</time>
      </trkpt>
      <trkpt lat="48.703286" lon="2.043432">
        <ele>88.742719</ele>
        <time>2026-05-11T23:25:45.031Z</time>
      </trkpt>
      <trkpt lat="48.703346" lon="2.043236">
        <ele>88.576472</ele>
        <time>2026-05-11T23:25:46.640Z</time>
      </trkpt>
      <trkpt lat="48.703468" lon="2.043019">
        <ele>88.357128</ele>
        <time>2026-05-11T23:25:48.776Z</time>
      </trkpt>
      <trkpt lat="48.703731" lon="2.042772">
        <ele>87.841033</ele>
        <time>2026-05-11T23:25:52.185Z</time>
      </trkpt>
      <trkpt lat="48.703908" lon="2.042508">
        <ele>87.406727</ele>
        <time>2026-05-11T23:25:54.835Z</time>
      </trkpt>
      <trkpt lat="48.703967" lon="2.042246">
        <ele>87.087250</ele>
        <time>2026-05-11T23:25:56.762Z</time>
      </trkpt>
      <trkpt lat="48.703981" lon="2.041885">
        <ele>86.669923</ele>
        <time>2026-05-11T23:25:59.274Z</time>
      </trkpt>
      <trkpt lat="48.703996" lon="2.041590">
        <ele>86.328473</ele>
        <time>2026-05-11T23:26:01.417Z</time>
      </trkpt>
      <trkpt lat="48.704166" lon="2.040456">
        <ele>85.071876</ele>
        <time>2026-05-11T23:26:10.561Z</time>
      </trkpt>
      <trkpt lat="48.704209" lon="2.040158">
        <ele>84.891246</ele>
        <time>2026-05-11T23:26:13.141Z</time>
      </trkpt>
      <trkpt lat="48.704372" lon="2.039428">
        <ele>84.434903</ele>
        <time>2026-05-11T23:26:19.347Z</time>
      </trkpt>
      <trkpt lat="48.704390" lon="2.039353">
        <ele>84.387646</ele>
        <time>2026-05-11T23:26:19.970Z</time>
      </trkpt>
      <trkpt lat="48.704492" lon="2.038896">
        <ele>84.101975</ele>
        <time>2026-05-11T23:26:23.615Z</time>
      </trkpt>
      <trkpt lat="48.704533" lon="2.038276">
        <ele>83.733004</ele>
        <time>2026-05-11T23:26:28.602Z</time>
      </trkpt>
      <trkpt lat="48.704556" lon="2.037841">
        <ele>83.731433</ele>
        <time>2026-05-11T23:26:32.559Z</time>
      </trkpt>
      <trkpt lat="48.704583" lon="2.037740">
        <ele>83.892611</ele>
        <time>2026-05-11T23:26:33.710Z</time>
      </trkpt>
      <trkpt lat="48.704646" lon="2.037742">
        <ele>84.033839</ele>
        <time>2026-05-11T23:26:34.694Z</time>
      </trkpt>
      <trkpt lat="48.704679" lon="2.037662">
        <ele>84.173378</ele>
        <time>2026-05-11T23:26:35.705Z</time>
      </trkpt>
      <trkpt lat="48.704644" lon="2.037571">
        <ele>84.329164</ele>
        <time>2026-05-11T23:26:36.899Z</time>
      </trkpt>
      <trkpt lat="48.704575" lon="2.037583">
        <ele>84.484824</ele>
        <time>2026-05-11T23:26:38.147Z</time>
      </trkpt>
      <trkpt lat="48.704473" lon="2.037418">
        <ele>84.819218</ele>
        <time>2026-05-11T23:26:40.989Z</time>
      </trkpt>
      <trkpt lat="48.703900" lon="2.036828">
        <ele>86.371883</ele>
        <time>2026-05-11T23:26:57.636Z</time>
      </trkpt>
      <trkpt lat="48.703699" lon="2.036569">
        <ele>86.963232</ele>
        <time>2026-05-11T23:27:05.683Z</time>
      </trkpt>
      <trkpt lat="48.703452" lon="2.036105">
        <ele>88.200824</ele>
        <time>2026-05-11T23:27:18.242Z</time>
      </trkpt>
      <trkpt lat="48.703412" lon="2.036128">
        <ele>88.425088</ele>
        <time>2026-05-11T23:27:19.715Z</time>
      </trkpt>
      <trkpt lat="48.703297" lon="2.036165">
        <ele>89.041345</ele>
        <time>2026-05-11T23:27:23.750Z</time>
      </trkpt>
      <trkpt lat="48.703184" lon="2.036145">
        <ele>89.637706</ele>
        <time>2026-05-11T23:27:27.794Z</time>
      </trkpt>
      <trkpt lat="48.702547" lon="2.035912">
        <ele>93.072705</ele>
        <time>2026-05-11T23:27:52.935Z</time>
      </trkpt>
      <trkpt lat="48.701951" lon="2.035717">
        <ele>96.268876</ele>
        <time>2026-05-11T23:28:16.210Z</time>
      </trkpt>
      <trkpt lat="48.701412" lon="2.035620">
        <ele>98.099151</ele>
        <time>2026-05-11T23:28:34.524Z</time>
      </trkpt>
      <trkpt lat="48.701157" lon="2.035492">
        <ele>98.828849</ele>
        <time>2026-05-11T23:28:42.686Z</time>
      </trkpt>
      <trkpt lat="48.700895" lon="2.035145">
        <ele>99.774104</ele>
        <time>2026-05-11T23:28:51.498Z</time>
      </trkpt>
      <trkpt lat="48.700501" lon="2.034490">
        <ele>101.362931</ele>
        <time>2026-05-11T23:29:03.364Z</time>
      </trkpt>
      <trkpt lat="48.700371" lon="2.034260">
        <ele>101.894328</ele>
        <time>2026-05-11T23:29:06.830Z</time>
      </trkpt>
      <trkpt lat="48.700213" lon="2.033992">
        <ele>101.948208</ele>
        <time>2026-05-11T23:29:10.818Z</time>
      </trkpt>
      <trkpt lat="48.699679" lon="2.033086">
        <ele>102.130335</ele>
        <time>2026-05-11T23:29:23.943Z</time>
      </trkpt>
      <trkpt lat="48.699485" lon="2.032773">
        <ele>102.194715</ele>
        <time>2026-05-11T23:29:27.918Z</time>
      </trkpt>
      <trkpt lat="48.699180" lon="2.032325">
        <ele>102.291220</ele>
        <time>2026-05-11T23:29:34.009Z</time>
      </trkpt>
      <trkpt lat="48.698977" lon="2.032088">
        <ele>102.099429</ele>
        <time>2026-05-11T23:29:37.648Z</time>
      </trkpt>
      <trkpt lat="48.698758" lon="2.031934">
        <ele>101.865891</ele>
        <time>2026-05-11T23:29:41.022Z</time>
      </trkpt>
      <trkpt lat="48.698552" lon="2.031862">
        <ele>101.661398</ele>
        <time>2026-05-11T23:29:43.888Z</time>
      </trkpt>
      <trkpt lat="48.698057" lon="2.031820">
        <ele>101.181844</ele>
        <time>2026-05-11T23:29:50.038Z</time>
      </trkpt>
      <trkpt lat="48.697673" lon="2.031480">
        <ele>100.751631</ele>
        <time>2026-05-11T23:29:55.120Z</time>
      </trkpt>
      <trkpt lat="48.697301" lon="2.031010">
        <ele>100.231614</ele>
        <time>2026-05-11T23:30:00.529Z</time>
      </trkpt>
      <trkpt lat="48.696900" lon="2.030497">
        <ele>99.630256</ele>
        <time>2026-05-11T23:30:06.255Z</time>
      </trkpt>
      <trkpt lat="48.696715" lon="2.030207">
        <ele>99.325240</ele>
        <time>2026-05-11T23:30:09.191Z</time>
      </trkpt>
      <trkpt lat="48.696614" lon="2.030000">
        <ele>99.130559</ele>
        <time>2026-05-11T23:30:11.119Z</time>
      </trkpt>
      <trkpt lat="48.696474" lon="2.029489">
        <ele>98.712128</ele>
        <time>2026-05-11T23:30:15.628Z</time>
      </trkpt>
      <trkpt lat="48.696391" lon="2.029287">
        <ele>98.532175</ele>
        <time>2026-05-11T23:30:17.986Z</time>
      </trkpt>
      <trkpt lat="48.695944" lon="2.028559">
        <ele>100.721496</ele>
        <time>2026-05-11T23:30:32.128Z</time>
      </trkpt>
      <trkpt lat="48.695789" lon="2.028141">
        <ele>101.838119</ele>
        <time>2026-05-11T23:30:41.288Z</time>
      </trkpt>
      <trkpt lat="48.695675" lon="2.027850">
        <ele>102.626236</ele>
        <time>2026-05-11T23:30:48.535Z</time>
      </trkpt>
      <trkpt lat="48.695614" lon="2.027778">
        <ele>102.899084</ele>
        <time>2026-05-11T23:30:51.156Z</time>
      </trkpt>
      <trkpt lat="48.695426" lon="2.027667">
        <ele>103.611031</ele>
        <time>2026-05-11T23:30:58.386Z</time>
      </trkpt>
      <trkpt lat="48.695256" lon="2.027507">
        <ele>104.317196</ele>
        <time>2026-05-11T23:31:06.049Z</time>
      </trkpt>
      <trkpt lat="48.694899" lon="2.027042">
        <ele>106.830764</ele>
        <time>2026-05-11T23:31:25.037Z</time>
      </trkpt>
      <trkpt lat="48.694687" lon="2.026866">
        <ele>108.326725</ele>
        <time>2026-05-11T23:31:34.972Z</time>
      </trkpt>
      <trkpt lat="48.694432" lon="2.026552">
        <ele>110.360218</ele>
        <time>2026-05-11T23:31:48.668Z</time>
      </trkpt>
      <trkpt lat="48.694098" lon="2.025789">
        <ele>114.099904</ele>
        <time>2026-05-11T23:32:14.040Z</time>
      </trkpt>
      <trkpt lat="48.694077" lon="2.025738">
        <ele>114.345434</ele>
        <time>2026-05-11T23:32:15.661Z</time>
      </trkpt>
      <trkpt lat="48.693591" lon="2.024955">
        <ele>116.816026</ele>
        <time>2026-05-11T23:32:41.498Z</time>
      </trkpt>
      <trkpt lat="48.693478" lon="2.024711">
        <ele>117.186002</ele>
        <time>2026-05-11T23:32:47.032Z</time>
      </trkpt>
      <trkpt lat="48.693397" lon="2.024358">
        <ele>117.649888</ele>
        <time>2026-05-11T23:32:53.134Z</time>
      </trkpt>
      <trkpt lat="48.693304" lon="2.023814">
        <ele>118.347417</ele>
        <time>2026-05-11T23:33:00.249Z</time>
      </trkpt>
      <trkpt lat="48.693152" lon="2.023210">
        <ele>119.149783</ele>
        <time>2026-05-11T23:33:05.691Z</time>
      </trkpt>
      <trkpt lat="48.692899" lon="2.022633">
        <ele>118.714127</ele>
        <time>2026-05-11T23:33:10.540Z</time>
      </trkpt>
      <trkpt lat="48.692664" lon="2.022176">
        <ele>117.998499</ele>
        <time>2026-05-11T23:33:14.510Z</time>
      </trkpt>
      <trkpt lat="48.692194" lon="2.021582">
        <ele>116.853031</ele>
        <time>2026-05-11T23:33:21.285Z</time>
      </trkpt>
      <trkpt lat="48.691865" lon="2.021291">
        <ele>116.140066</ele>
        <time>2026-05-11T23:33:25.378Z</time>
      </trkpt>
      <trkpt lat="48.691562" lon="2.021153">
        <ele>115.713232</ele>
        <time>2026-05-11T23:33:29.103Z</time>
      </trkpt>
      <trkpt lat="48.691040" lon="2.020890">
        <ele>115.064980</ele>
        <time>2026-05-11T23:33:36.467Z</time>
      </trkpt>
      <trkpt lat="48.690881" lon="2.020852">
        <ele>114.875297</ele>
        <time>2026-05-11T23:33:38.651Z</time>
      </trkpt>
      <trkpt lat="48.690202" lon="2.020925">
        <ele>114.073152</ele>
        <time>2026-05-11T23:33:46.580Z</time>
      </trkpt>
      <trkpt lat="48.689885" lon="2.020917">
        <ele>113.637049</ele>
        <time>2026-05-11T23:33:50.299Z</time>
      </trkpt>
      <trkpt lat="48.689092" lon="2.020619">
        <ele>112.330807</ele>
        <time>2026-05-11T23:33:59.450Z</time>
      </trkpt>
      <trkpt lat="48.688809" lon="2.020551">
        <ele>111.872703</ele>
        <time>2026-05-11T23:34:02.421Z</time>
      </trkpt>
      <trkpt lat="48.688672" lon="2.020557">
        <ele>111.653582</ele>
        <time>2026-05-11T23:34:03.840Z</time>
      </trkpt>
      <trkpt lat="48.688253" lon="2.020766">
        <ele>111.115884</ele>
        <time>2026-05-11T23:34:08.759Z</time>
      </trkpt>
      <trkpt lat="48.688200" lon="2.020616">
        <ele>111.528139</ele>
        <time>2026-05-11T23:34:10.204Z</time>
      </trkpt>
      <trkpt lat="48.687948" lon="2.019811">
        <ele>113.686957</ele>
        <time>2026-05-11T23:34:22.255Z</time>
      </trkpt>
      <trkpt lat="48.687894" lon="2.019661">
        <ele>114.100959</ele>
        <time>2026-05-11T23:34:25.554Z</time>
      </trkpt>
      <trkpt lat="48.687820" lon="2.019464">
        <ele>114.650184</ele>
        <time>2026-05-11T23:34:30.191Z</time>
      </trkpt>
      <trkpt lat="48.687714" lon="2.019206">
        <ele>115.386540</ele>
        <time>2026-05-11T23:34:36.937Z</time>
      </trkpt>
      <trkpt lat="48.687368" lon="2.018532">
        <ele>117.455422</ele>
        <time>2026-05-11T23:35:00.744Z</time>
      </trkpt>
      <trkpt lat="48.687356" lon="2.018438">
        <ele>117.808348</ele>
        <time>2026-05-11T23:35:03.609Z</time>
      </trkpt>
      <trkpt lat="48.687282" lon="2.018404">
        <ele>118.489994</ele>
        <time>2026-05-11T23:35:07.445Z</time>
      </trkpt>
      <trkpt lat="48.687242" lon="2.018284">
        <ele>119.272278</ele>
        <time>2026-05-11T23:35:11.712Z</time>
      </trkpt>
      <trkpt lat="48.686796" lon="2.017673">
        <ele>124.573075</ele>
        <time>2026-05-11T23:35:42.142Z</time>
      </trkpt>
      <trkpt lat="48.685556" lon="2.016334">
        <ele>137.971492</ele>
        <time>2026-05-11T23:37:01.404Z</time>
      </trkpt>
      <trkpt lat="48.685373" lon="2.016200">
        <ele>139.753280</ele>
        <time>2026-05-11T23:37:12.481Z</time>
      </trkpt>
      <trkpt lat="48.685138" lon="2.016130">
        <ele>141.852745</ele>
        <time>2026-05-11T23:37:25.682Z</time>
      </trkpt>
      <trkpt lat="48.684688" lon="2.016346">
        <ele>145.990776</ele>
        <time>2026-05-11T23:37:50.063Z</time>
      </trkpt>
      <trkpt lat="48.684599" lon="2.016337">
        <ele>146.772686</ele>
        <time>2026-05-11T23:37:54.290Z</time>
      </trkpt>
      <trkpt lat="48.684023" lon="2.015980">
        <ele>150.947849</ele>
        <time>2026-05-11T23:38:20.755Z</time>
      </trkpt>
      <trkpt lat="48.683946" lon="2.015944">
        <ele>151.353302</ele>
        <time>2026-05-11T23:38:23.850Z</time>
      </trkpt>
      <trkpt lat="48.683750" lon="2.015728">
        <ele>152.572858</ele>
        <time>2026-05-11T23:38:32.799Z</time>
      </trkpt>
      <trkpt lat="48.683643" lon="2.015551">
        <ele>153.370058</ele>
        <time>2026-05-11T23:38:38.187Z</time>
      </trkpt>
      <trkpt lat="48.683563" lon="2.015332">
        <ele>154.201465</ele>
        <time>2026-05-11T23:38:43.461Z</time>
      </trkpt>
      <trkpt lat="48.683520" lon="2.014763">
        <ele>156.103920</ele>
        <time>2026-05-11T23:38:54.755Z</time>
      </trkpt>
      <trkpt lat="48.683463" lon="2.014538">
        <ele>156.904463</ele>
        <time>2026-05-11T23:38:59.111Z</time>
      </trkpt>
      <trkpt lat="48.683300" lon="2.014174">
        <ele>158.348385</ele>
        <time>2026-05-11T23:39:07.484Z</time>
      </trkpt>
      <trkpt lat="48.683091" lon="2.013704">
        <ele>159.884301</ele>
        <time>2026-05-11T23:39:19.490Z</time>
      </trkpt>
      <trkpt lat="48.682866" lon="2.013048">
        <ele>161.887979</ele>
        <time>2026-05-11T23:39:35.302Z</time>
      </trkpt>
      <trkpt lat="48.682493" lon="2.012398">
        <ele>164.222253</ele>
        <time>2026-05-11T23:39:53.506Z</time>
      </trkpt>
      <trkpt lat="48.682318" lon="2.012021">
        <ele>165.471387</ele>
        <time>2026-05-11T23:40:03.147Z</time>
      </trkpt>
      <trkpt lat="48.681933" lon="2.011423">
        <ele>167.314497</ele>
        <time>2026-05-11T23:40:19.438Z</time>
      </trkpt>
      <trkpt lat="48.681881" lon="2.011246">
        <ele>167.733304</ele>
        <time>2026-05-11T23:40:23.093Z</time>
      </trkpt>
      <trkpt lat="48.681809" lon="2.010804">
        <ele>168.717467</ele>
        <time>2026-05-11T23:40:31.533Z</time>
      </trkpt>
      <trkpt lat="48.681743" lon="2.010542">
        <ele>169.323682</ele>
        <time>2026-05-11T23:40:36.720Z</time>
      </trkpt>
      <trkpt lat="48.681704" lon="2.010426">
        <ele>169.605091</ele>
        <time>2026-05-11T23:40:39.067Z</time>
      </trkpt>
      <trkpt lat="48.681760" lon="2.010258">
        <ele>170.011933</ele>
        <time>2026-05-11T23:40:42.502Z</time>
      </trkpt>
      <trkpt lat="48.681851" lon="2.009370">
        <ele>171.703240</ele>
        <time>2026-05-11T23:40:58.259Z</time>
      </trkpt>
      <trkpt lat="48.681885" lon="2.008122">
        <ele>172.743255</ele>
        <time>2026-05-11T23:41:16.327Z</time>
      </trkpt>
      <trkpt lat="48.681996" lon="2.007084">
        <ele>173.618793</ele>
        <time>2026-05-11T23:41:28.562Z</time>
      </trkpt>
      <trkpt lat="48.682932" lon="2.003464">
        <ele>173.575104</ele>
        <time>2026-05-11T23:42:03.638Z</time>
      </trkpt>
      <trkpt lat="48.682985" lon="2.003298">
        <ele>173.610040</ele>
        <time>2026-05-11T23:42:05.544Z</time>
      </trkpt>
      <trkpt lat="48.683028" lon="2.003162">
        <ele>173.638611</ele>
        <time>2026-05-11T23:42:07.136Z</time>
      </trkpt>
      <trkpt lat="48.683163" lon="2.001552">
        <ele>173.980603</ele>
        <time>2026-05-11T23:42:26.051Z</time>
      </trkpt>
      <trkpt lat="48.683184" lon="2.001464">
        <ele>174.018169</ele>
        <time>2026-05-11T23:42:27.162Z</time>
      </trkpt>
      <trkpt lat="48.682944" lon="2.001108">
        <ele>174.222431</ele>
        <time>2026-05-11T23:42:33.275Z</time>
      </trkpt>
      <trkpt lat="48.682875" lon="2.001006">
        <ele>174.281059</ele>
        <time>2026-05-11T23:42:35.010Z</time>
      </trkpt>
      <trkpt lat="48.682825" lon="2.000932">
        <ele>174.323567</ele>
        <time>2026-05-11T23:42:36.262Z</time>
      </trkpt>
      <trkpt lat="48.682521" lon="2.000416">
        <ele>174.601205</ele>
        <time>2026-05-11T23:42:44.324Z</time>
      </trkpt>
      <trkpt lat="48.682038" lon="1.999465">
        <ele>175.038055</ele>
        <time>2026-05-11T23:42:57.399Z</time>
      </trkpt>
      <trkpt lat="48.681644" lon="1.998667">
        <ele>175.195463</ele>
        <time>2026-05-11T23:43:07.706Z</time>
      </trkpt>
      <trkpt lat="48.681072" lon="1.997772">
        <ele>175.392235</ele>
        <time>2026-05-11T23:43:20.492Z</time>
      </trkpt>
      <trkpt lat="48.680406" lon="1.996801">
        <ele>175.620606</ele>
        <time>2026-05-11T23:43:34.966Z</time>
      </trkpt>
      <trkpt lat="48.678921" lon="1.994270">
        <ele>176.222359</ele>
        <time>2026-05-11T23:44:10.694Z</time>
      </trkpt>
      <trkpt lat="48.678357" lon="1.993235">
        <ele>176.370911</ele>
        <time>2026-05-11T23:44:24.994Z</time>
      </trkpt>
      <trkpt lat="48.678111" lon="1.992698">
        <ele>176.313088</ele>
        <time>2026-05-11T23:44:31.848Z</time>
      </trkpt>
      <trkpt lat="48.677976" lon="1.992266">
        <ele>176.270804</ele>
        <time>2026-05-11T23:44:36.758Z</time>
      </trkpt>
      <trkpt lat="48.677606" lon="1.990794">
        <ele>175.966426</ele>
        <time>2026-05-11T23:44:50.305Z</time>
      </trkpt>
      <trkpt lat="48.677548" lon="1.990539">
        <ele>175.820391</ele>
        <time>2026-05-11T23:44:52.438Z</time>
      </trkpt>
      <trkpt lat="48.677249" lon="1.989260">
        <ele>175.085734</ele>
        <time>2026-05-11T23:45:03.149Z</time>
      </trkpt>
      <trkpt lat="48.677045" lon="1.989437">
        <ele>174.892939</ele>
        <time>2026-05-11T23:45:05.992Z</time>
      </trkpt>
      <trkpt lat="48.676034" lon="1.990549">
        <ele>174.649663</ele>
        <time>2026-05-11T23:45:24.368Z</time>
      </trkpt>
      <trkpt lat="48.675750" lon="1.990723">
        <ele>174.637695</ele>
        <time>2026-05-11T23:45:29.432Z</time>
      </trkpt>
      <trkpt lat="48.675543" lon="1.990755">
        <ele>174.629567</ele>
        <time>2026-05-11T23:45:32.829Z</time>
      </trkpt>
      <trkpt lat="48.675249" lon="1.990678">
        <ele>174.613507</ele>
        <time>2026-05-11T23:45:37.575Z</time>
      </trkpt>
      <trkpt lat="48.672228" lon="1.989317">
        <ele>173.179882</ele>
        <time>2026-05-11T23:46:19.705Z</time>
      </trkpt>
      <trkpt lat="48.671898" lon="1.989224">
        <ele>172.976769</ele>
        <time>2026-05-11T23:46:23.898Z</time>
      </trkpt>
      <trkpt lat="48.670247" lon="1.988919">
        <ele>171.166482</ele>
        <time>2026-05-11T23:46:43.844Z</time>
      </trkpt>
      <trkpt lat="48.669108" lon="1.988717">
        <ele>170.137813</ele>
        <time>2026-05-11T23:46:57.523Z</time>
      </trkpt>
      <trkpt lat="48.668973" lon="1.988614">
        <ele>170.010609</ele>
        <time>2026-05-11T23:46:59.417Z</time>
      </trkpt>
      <trkpt lat="48.668933" lon="1.988515">
        <ele>169.946113</ele>
        <time>2026-05-11T23:47:00.398Z</time>
      </trkpt>
      <trkpt lat="48.668846" lon="1.988457">
        <ele>169.866124</ele>
        <time>2026-05-11T23:47:01.603Z</time>
      </trkpt>
      <trkpt lat="48.668758" lon="1.988490">
        <ele>169.789837</ele>
        <time>2026-05-11T23:47:02.782Z</time>
      </trkpt>
      <trkpt lat="48.668707" lon="1.988575">
        <ele>169.726018</ele>
        <time>2026-05-11T23:47:03.766Z</time>
      </trkpt>
      <trkpt lat="48.668560" lon="1.988634">
        <ele>169.598050</ele>
        <time>2026-05-11T23:47:05.773Z</time>
      </trkpt>
      <trkpt lat="48.668233" lon="1.988594">
        <ele>169.443860</ele>
        <time>2026-05-11T23:47:10.231Z</time>
      </trkpt>
      <trkpt lat="48.667975" lon="1.988567">
        <ele>169.587918</ele>
        <time>2026-05-11T23:47:13.906Z</time>
      </trkpt>
      <trkpt lat="48.667466" lon="1.988528">
        <ele>169.871812</ele>
        <time>2026-05-11T23:47:21.842Z</time>
      </trkpt>
      <trkpt lat="48.666986" lon="1.988413">
        <ele>170.142515</ele>
        <time>2026-05-11T23:47:30.452Z</time>
      </trkpt>
      <trkpt lat="48.666759" lon="1.988337">
        <ele>170.272017</ele>
        <time>2026-05-11T23:47:34.822Z</time>
      </trkpt>
      <trkpt lat="48.664439" lon="1.987504">
        <ele>173.668092</ele>
        <time>2026-05-11T23:48:26.563Z</time>
      </trkpt>
      <trkpt lat="48.663856" lon="1.987441">
        <ele>174.203746</ele>
        <time>2026-05-11T23:48:37.892Z</time>
      </trkpt>
      <trkpt lat="48.662482" lon="1.987505">
        <ele>174.907773</ele>
        <time>2026-05-11T23:49:00.425Z</time>
      </trkpt>
      <trkpt lat="48.658394" lon="1.987713">
        <ele>174.308639</ele>
        <time>2026-05-11T23:49:57.657Z</time>
      </trkpt>
      <trkpt lat="48.657728" lon="1.987770">
        <ele>174.216995</ele>
        <time>2026-05-11T23:50:07.599Z</time>
      </trkpt>
      <trkpt lat="48.656665" lon="1.987914">
        <ele>173.989707</ele>
        <time>2026-05-11T23:50:23.192Z</time>
      </trkpt>
      <trkpt lat="48.654620" lon="1.984201">
        <ele>172.739263</ele>
        <time>2026-05-11T23:51:05.786Z</time>
      </trkpt>
      <trkpt lat="48.654466" lon="1.983923">
        <ele>172.642971</ele>
        <time>2026-05-11T23:51:09.116Z</time>
      </trkpt>
      <trkpt lat="48.653601" lon="1.982592">
        <ele>172.118867</ele>
        <time>2026-05-11T23:51:26.015Z</time>
      </trkpt>
      <trkpt lat="48.652637" lon="1.981605">
        <ele>171.500726</ele>
        <time>2026-05-11T23:51:41.102Z</time>
      </trkpt>
      <trkpt lat="48.650652" lon="1.980082">
        <ele>170.343924</ele>
        <time>2026-05-11T23:52:10.424Z</time>
      </trkpt>
      <trkpt lat="48.649646" lon="1.979209">
        <ele>169.853031</ele>
        <time>2026-05-11T23:52:26.254Z</time>
      </trkpt>
      <trkpt lat="48.647870" lon="1.976694">
        <ele>168.785134</ele>
        <time>2026-05-11T23:52:58.542Z</time>
      </trkpt>
      <trkpt lat="48.647723" lon="1.976387">
        <ele>168.710299</ele>
        <time>2026-05-11T23:53:02.151Z</time>
      </trkpt>
      <trkpt lat="48.646772" lon="1.974073">
        <ele>168.067925</ele>
        <time>2026-05-11T23:53:27.470Z</time>
      </trkpt>
      <trkpt lat="48.646319" lon="1.972974">
        <ele>167.467514</ele>
        <time>2026-05-11T23:53:37.623Z</time>
      </trkpt>
      <trkpt lat="48.646204" lon="1.972593">
        <ele>167.273357</ele>
        <time>2026-05-11T23:53:40.954Z</time>
      </trkpt>
      <trkpt lat="48.646162" lon="1.972300">
        <ele>167.134386</ele>
        <time>2026-05-11T23:53:43.427Z</time>
      </trkpt>
      <trkpt lat="48.646147" lon="1.972000">
        <ele>166.994932</ele>
        <time>2026-05-11T23:53:46.063Z</time>
      </trkpt>
      <trkpt lat="48.646193" lon="1.971533">
        <ele>167.284549</ele>
        <time>2026-05-11T23:53:50.686Z</time>
      </trkpt>
      <trkpt lat="48.646690" lon="1.969908">
        <ele>168.445445</ele>
        <time>2026-05-11T23:54:13.902Z</time>
      </trkpt>
      <trkpt lat="48.646726" lon="1.969620">
        <ele>168.635468</ele>
        <time>2026-05-11T23:54:18.189Z</time>
      </trkpt>
      <trkpt lat="48.646707" lon="1.969329">
        <ele>168.878803</ele>
        <time>2026-05-11T23:54:22.469Z</time>
      </trkpt>
      <trkpt lat="48.646633" lon="1.969033">
        <ele>169.236976</ele>
        <time>2026-05-11T23:54:27.206Z</time>
      </trkpt>
      <trkpt lat="48.646177" lon="1.968076">
        <ele>170.572328</ele>
        <time>2026-05-11T23:54:44.813Z</time>
      </trkpt>
      <trkpt lat="48.645932" lon="1.967630">
        <ele>171.228761</ele>
        <time>2026-05-11T23:54:53.102Z</time>
      </trkpt>
      <trkpt lat="48.645917" lon="1.967482">
        <ele>171.398219</ele>
        <time>2026-05-11T23:54:55.205Z</time>
      </trkpt>
      <trkpt lat="48.645784" lon="1.967461">
        <ele>171.627275</ele>
        <time>2026-05-11T23:54:58.000Z</time>
      </trkpt>
      <trkpt lat="48.645401" lon="1.967092">
        <ele>172.078313</ele>
        <time>2026-05-11T23:55:07.319Z</time>
      </trkpt>
      <trkpt lat="48.645078" lon="1.966843">
        <ele>172.344056</ele>
        <time>2026-05-11T23:55:14.231Z</time>
      </trkpt>
      <trkpt lat="48.644804" lon="1.966768">
        <ele>172.548188</ele>
        <time>2026-05-11T23:55:19.004Z</time>
      </trkpt>
      <trkpt lat="48.644424" lon="1.966755">
        <ele>172.826843</ele>
        <time>2026-05-11T23:55:25.214Z</time>
      </trkpt>
      <trkpt lat="48.643746" lon="1.966775">
        <ele>173.195146</ele>
        <time>2026-05-11T23:55:35.864Z</time>
      </trkpt>
      <trkpt lat="48.643296" lon="1.966637">
        <ele>173.278836</ele>
        <time>2026-05-11T23:55:43.008Z</time>
      </trkpt>
      <trkpt lat="48.642834" lon="1.966444">
        <ele>173.366194</ele>
        <time>2026-05-11T23:55:50.424Z</time>
      </trkpt>
      <trkpt lat="48.642621" lon="1.966367">
        <ele>173.406110</ele>
        <time>2026-05-11T23:55:53.805Z</time>
      </trkpt>
      <trkpt lat="48.642510" lon="1.966270">
        <ele>173.429473</ele>
        <time>2026-05-11T23:55:55.811Z</time>
      </trkpt>
      <trkpt lat="48.642388" lon="1.965190">
        <ele>173.375471</ele>
        <time>2026-05-11T23:56:07.010Z</time>
      </trkpt>
      <trkpt lat="48.642365" lon="1.964927">
        <ele>173.334138</ele>
        <time>2026-05-11T23:56:09.639Z</time>
      </trkpt>
      <trkpt lat="48.642401" lon="1.963855">
        <ele>173.166903</ele>
        <time>2026-05-11T23:56:19.497Z</time>
      </trkpt>
      <trkpt lat="48.642355" lon="1.963305">
        <ele>173.080529</ele>
        <time>2026-05-11T23:56:24.326Z</time>
      </trkpt>
      <trkpt lat="48.642149" lon="1.962205">
        <ele>172.376706</ele>
        <time>2026-05-11T23:56:33.886Z</time>
      </trkpt>
      <trkpt lat="48.642003" lon="1.961093">
        <ele>171.596518</ele>
        <time>2026-05-11T23:56:43.004Z</time>
      </trkpt>
      <trkpt lat="48.641918" lon="1.960809">
        <ele>171.381968</ele>
        <time>2026-05-11T23:56:45.463Z</time>
      </trkpt>
      <trkpt lat="48.641683" lon="1.960340">
        <ele>170.774487</ele>
        <time>2026-05-11T23:56:50.065Z</time>
      </trkpt>
      <trkpt lat="48.639870" lon="1.955995">
        <ele>162.008075</ele>
        <time>2026-05-11T23:57:26.561Z</time>
      </trkpt>
      <trkpt lat="48.639105" lon="1.954218">
        <ele>151.189586</ele>
        <time>2026-05-11T23:57:38.855Z</time>
      </trkpt>
      <trkpt lat="48.638978" lon="1.953683">
        <ele>148.285016</ele>
        <time>2026-05-11T23:57:42.145Z</time>
      </trkpt>
      <trkpt lat="48.638976" lon="1.953535">
        <ele>147.484960</ele>
        <time>2026-05-11T23:57:43.000Z</time>
      </trkpt>
      <trkpt lat="48.639039" lon="1.953247">
        <ele>145.814057</ele>
        <time>2026-05-11T23:57:44.752Z</time>
      </trkpt>
      <trkpt lat="48.639124" lon="1.953121">
        <ele>144.822315</ele>
        <time>2026-05-11T23:57:45.792Z</time>
      </trkpt>
      <trkpt lat="48.639323" lon="1.952937">
        <ele>142.878547</ele>
        <time>2026-05-11T23:57:47.825Z</time>
      </trkpt>
      <trkpt lat="48.639386" lon="1.952840">
        <ele>142.129438</ele>
        <time>2026-05-11T23:57:48.609Z</time>
      </trkpt>
      <trkpt lat="48.639462" lon="1.952609">
        <ele>140.708171</ele>
        <time>2026-05-11T23:57:50.090Z</time>
      </trkpt>
      <trkpt lat="48.639474" lon="1.952452">
        <ele>139.837689</ele>
        <time>2026-05-11T23:57:51.003Z</time>
      </trkpt>
      <trkpt lat="48.639511" lon="1.951964">
        <ele>137.132273</ele>
        <time>2026-05-11T23:57:53.851Z</time>
      </trkpt>
      <trkpt lat="48.639489" lon="1.951633">
        <ele>135.300010</ele>
        <time>2026-05-11T23:57:55.797Z</time>
      </trkpt>
      <trkpt lat="48.639438" lon="1.951424">
        <ele>134.072910</ele>
        <time>2026-05-11T23:57:57.100Z</time>
      </trkpt>
      <trkpt lat="48.639346" lon="1.951314">
        <ele>133.096498</ele>
        <time>2026-05-11T23:57:58.135Z</time>
      </trkpt>
      <trkpt lat="48.639243" lon="1.951268">
        <ele>132.635514</ele>
        <time>2026-05-11T23:57:59.073Z</time>
      </trkpt>
      <trkpt lat="48.639102" lon="1.951268">
        <ele>132.030266</ele>
        <time>2026-05-11T23:58:00.317Z</time>
      </trkpt>
      <trkpt lat="48.638884" lon="1.951387">
        <ele>131.035474</ele>
        <time>2026-05-11T23:58:02.407Z</time>
      </trkpt>
      <trkpt lat="48.638100" lon="1.951899">
        <ele>127.370121</ele>
        <time>2026-05-11T23:58:10.794Z</time>
      </trkpt>
      <trkpt lat="48.637961" lon="1.952396">
        <ele>125.839280</ele>
        <time>2026-05-11T23:58:14.916Z</time>
      </trkpt>
      <trkpt lat="48.637807" lon="1.952892">
        <ele>125.016134</ele>
        <time>2026-05-11T23:58:19.132Z</time>
      </trkpt>
      <trkpt lat="48.637638" lon="1.953322">
        <ele>124.547539</ele>
        <time>2026-05-11T23:58:22.931Z</time>
      </trkpt>
      <trkpt lat="48.637363" lon="1.954068">
        <ele>123.747456</ele>
        <time>2026-05-11T23:58:29.651Z</time>
      </trkpt>
      <trkpt lat="48.637217" lon="1.954247">
        <ele>123.481128</ele>
        <time>2026-05-11T23:58:31.783Z</time>
      </trkpt>
      <trkpt lat="48.637133" lon="1.954276">
        <ele>123.359010</ele>
        <time>2026-05-11T23:58:32.751Z</time>
      </trkpt>
      <trkpt lat="48.637065" lon="1.954300">
        <ele>123.260043</ele>
        <time>2026-05-11T23:58:33.522Z</time>
      </trkpt>
      <trkpt lat="48.636687" lon="1.954190">
        <ele>122.907361</ele>
        <time>2026-05-11T23:58:37.866Z</time>
      </trkpt>
      <trkpt lat="48.636435" lon="1.954102">
        <ele>123.167234</ele>
        <time>2026-05-11T23:58:41.042Z</time>
      </trkpt>
      <trkpt lat="48.636333" lon="1.954065">
        <ele>123.272631</ele>
        <time>2026-05-11T23:58:42.451Z</time>
      </trkpt>
      <trkpt lat="48.636178" lon="1.954011">
        <ele>123.432454</ele>
        <time>2026-05-11T23:58:44.926Z</time>
      </trkpt>
      <trkpt lat="48.635620" lon="1.953838">
        <ele>124.004799</ele>
        <time>2026-05-11T23:58:56.474Z</time>
      </trkpt>
      <trkpt lat="48.635155" lon="1.953344">
        <ele>124.575701</ele>
        <time>2026-05-11T23:59:09.916Z</time>
      </trkpt>
      <trkpt lat="48.634950" lon="1.953034">
        <ele>125.457096</ele>
        <time>2026-05-11T23:59:17.653Z</time>
      </trkpt>
      <trkpt lat="48.634918" lon="1.952917">
        <ele>125.754856</ele>
        <time>2026-05-11T23:59:19.967Z</time>
      </trkpt>
      <trkpt lat="48.634881" lon="1.952786">
        <ele>126.089861</ele>
        <time>2026-05-11T23:59:22.660Z</time>
      </trkpt>
      <trkpt lat="48.634722" lon="1.951496">
        <ele>129.175647</ele>
        <time>2026-05-11T23:59:48.001Z</time>
      </trkpt>
      <trkpt lat="48.634226" lon="1.949895">
        <ele>134.180494</ele>
        <time>2026-05-12T00:00:25.150Z</time>
      </trkpt>
      <trkpt lat="48.633632" lon="1.947976">
        <ele>141.085047</ele>
        <time>2026-05-12T00:01:15.488Z</time>
      </trkpt>
      <trkpt lat="48.633525" lon="1.947647">
        <ele>142.348779</ele>
        <time>2026-05-12T00:01:24.207Z</time>
      </trkpt>
      <trkpt lat="48.633356" lon="1.947370">
        <ele>143.648050</ele>
        <time>2026-05-12T00:01:33.077Z</time>
      </trkpt>
      <trkpt lat="48.632718" lon="1.946650">
        <ele>147.798634</ele>
        <time>2026-05-12T00:02:01.245Z</time>
      </trkpt>
      <trkpt lat="48.632584" lon="1.946384">
        <ele>148.951359</ele>
        <time>2026-05-12T00:02:09.080Z</time>
      </trkpt>
      <trkpt lat="48.632520" lon="1.946015">
        <ele>150.232099</ele>
        <time>2026-05-12T00:02:18.133Z</time>
      </trkpt>
      <trkpt lat="48.632531" lon="1.944985">
        <ele>153.671815</ele>
        <time>2026-05-12T00:02:42.797Z</time>
      </trkpt>
      <trkpt lat="48.632585" lon="1.944232">
        <ele>156.200911</ele>
        <time>2026-05-12T00:03:00.861Z</time>
      </trkpt>
      <trkpt lat="48.633015" lon="1.941797">
        <ele>163.088270</ele>
        <time>2026-05-12T00:03:55.255Z</time>
      </trkpt>
      <trkpt lat="48.633362" lon="1.939849">
        <ele>166.443852</ele>
        <time>2026-05-12T00:04:28.054Z</time>
      </trkpt>
      <trkpt lat="48.633610" lon="1.937770">
        <ele>168.138488</ele>
        <time>2026-05-12T00:04:53.989Z</time>
      </trkpt>
      <trkpt lat="48.633615" lon="1.935652">
        <ele>168.385959</ele>
        <time>2026-05-12T00:05:14.618Z</time>
      </trkpt>
      <trkpt lat="48.633609" lon="1.935119">
        <ele>168.309089</ele>
        <time>2026-05-12T00:05:19.378Z</time>
      </trkpt>
      <trkpt lat="48.633412" lon="1.934341">
        <ele>168.183539</ele>
        <time>2026-05-12T00:05:26.881Z</time>
      </trkpt>
      <trkpt lat="48.633011" lon="1.933795">
        <ele>168.060535</ele>
        <time>2026-05-12T00:05:34.417Z</time>
      </trkpt>
      <trkpt lat="48.632089" lon="1.932727">
        <ele>168.084430</ele>
        <time>2026-05-12T00:05:51.154Z</time>
      </trkpt>
      <trkpt lat="48.631299" lon="1.931966">
        <ele>168.210369</ele>
        <time>2026-05-12T00:06:05.959Z</time>
      </trkpt>
      <trkpt lat="48.629632" lon="1.930039">
        <ele>169.195568</ele>
        <time>2026-05-12T00:06:42.416Z</time>
      </trkpt>
      <trkpt lat="48.627541" lon="1.927787">
        <ele>169.257816</ele>
        <time>2026-05-12T00:07:19.978Z</time>
      </trkpt>
      <trkpt lat="48.625748" lon="1.925744">
        <ele>169.127742</ele>
        <time>2026-05-12T00:07:52.061Z</time>
      </trkpt>
      <trkpt lat="48.624334" lon="1.924244">
        <ele>169.398234</ele>
        <time>2026-05-12T00:08:19.158Z</time>
      </trkpt>
      <trkpt lat="48.620848" lon="1.920344">
        <ele>170.250956</ele>
        <time>2026-05-12T00:09:27.310Z</time>
      </trkpt>
      <trkpt lat="48.620192" lon="1.919468">
        <ele>170.321070</ele>
        <time>2026-05-12T00:09:40.362Z</time>
      </trkpt>
      <trkpt lat="48.618654" lon="1.916887">
        <ele>169.992564</ele>
        <time>2026-05-12T00:10:14.161Z</time>
      </trkpt>
      <trkpt lat="48.617951" lon="1.915639">
        <ele>167.744925</ele>
        <time>2026-05-12T00:10:27.071Z</time>
      </trkpt>
      <trkpt lat="48.617816" lon="1.915441">
        <ele>167.315796</ele>
        <time>2026-05-12T00:10:29.017Z</time>
      </trkpt>
      <trkpt lat="48.617713" lon="1.915133">
        <ele>166.795053</ele>
        <time>2026-05-12T00:10:31.323Z</time>
      </trkpt>
      <trkpt lat="48.617702" lon="1.914371">
        <ele>165.348136</ele>
        <time>2026-05-12T00:10:36.247Z</time>
      </trkpt>
      <trkpt lat="48.617656" lon="1.914173">
        <ele>164.600331</ele>
        <time>2026-05-12T00:10:37.568Z</time>
      </trkpt>
      <trkpt lat="48.617555" lon="1.913977">
        <ele>163.714844</ele>
        <time>2026-05-12T00:10:39.128Z</time>
      </trkpt>
      <trkpt lat="48.617422" lon="1.913838">
        <ele>162.843528</ele>
        <time>2026-05-12T00:10:40.644Z</time>
      </trkpt>
      <trkpt lat="48.617377" lon="1.913820">
        <ele>162.592645</ele>
        <time>2026-05-12T00:10:41.077Z</time>
      </trkpt>
      <trkpt lat="48.617306" lon="1.913792">
        <ele>162.197170</ele>
        <time>2026-05-12T00:10:41.762Z</time>
      </trkpt>
      <trkpt lat="48.616867" lon="1.913796">
        <ele>159.830954</ele>
        <time>2026-05-12T00:10:45.845Z</time>
      </trkpt>
      <trkpt lat="48.616714" lon="1.913756">
        <ele>158.994071</ele>
        <time>2026-05-12T00:10:47.292Z</time>
      </trkpt>
      <trkpt lat="48.616581" lon="1.913669">
        <ele>158.213054</ele>
        <time>2026-05-12T00:10:48.630Z</time>
      </trkpt>
      <trkpt lat="48.616394" lon="1.913432">
        <ele>156.898119</ele>
        <time>2026-05-12T00:10:50.875Z</time>
      </trkpt>
      <trkpt lat="48.616100" lon="1.912923">
        <ele>154.104482</ele>
        <time>2026-05-12T00:10:54.918Z</time>
      </trkpt>
      <trkpt lat="48.615971" lon="1.912762">
        <ele>152.996266</ele>
        <time>2026-05-12T00:10:56.416Z</time>
      </trkpt>
      <trkpt lat="48.615719" lon="1.912619">
        <ele>151.212770</ele>
        <time>2026-05-12T00:10:58.819Z</time>
      </trkpt>
      <trkpt lat="48.615278" lon="1.912458">
        <ele>148.206610</ele>
        <time>2026-05-12T00:11:02.880Z</time>
      </trkpt>
      <trkpt lat="48.615067" lon="1.912289">
        <ele>146.624517</ele>
        <time>2026-05-12T00:11:05.028Z</time>
      </trkpt>
      <trkpt lat="48.614994" lon="1.912181">
        <ele>145.947876</ele>
        <time>2026-05-12T00:11:05.954Z</time>
      </trkpt>
      <trkpt lat="48.614920" lon="1.911957">
        <ele>144.850876</ele>
        <time>2026-05-12T00:11:07.453Z</time>
      </trkpt>
      <trkpt lat="48.614806" lon="1.911266">
        <ele>142.604250</ele>
        <time>2026-05-12T00:11:11.808Z</time>
      </trkpt>
      <trkpt lat="48.614697" lon="1.910988">
        <ele>141.679167</ele>
        <time>2026-05-12T00:11:13.839Z</time>
      </trkpt>
      <trkpt lat="48.614523" lon="1.910737">
        <ele>140.638233</ele>
        <time>2026-05-12T00:11:16.175Z</time>
      </trkpt>
      <trkpt lat="48.614198" lon="1.910437">
        <ele>138.989917</ele>
        <time>2026-05-12T00:11:20.012Z</time>
      </trkpt>
      <trkpt lat="48.613197" lon="1.909696">
        <ele>134.745085</ele>
        <time>2026-05-12T00:11:31.120Z</time>
      </trkpt>
      <trkpt lat="48.612461" lon="1.909144">
        <ele>132.085950</ele>
        <time>2026-05-12T00:11:39.422Z</time>
      </trkpt>
      <trkpt lat="48.612588" lon="1.908788">
        <ele>131.220262</ele>
        <time>2026-05-12T00:11:42.158Z</time>
      </trkpt>
      <trkpt lat="48.612718" lon="1.908427">
        <ele>130.481448</ele>
        <time>2026-05-12T00:11:44.909Z</time>
      </trkpt>
      <trkpt lat="48.612845" lon="1.908161">
        <ele>130.108087</ele>
        <time>2026-05-12T00:11:47.150Z</time>
      </trkpt>
      <trkpt lat="48.613064" lon="1.907816">
        <ele>129.563849</ele>
        <time>2026-05-12T00:11:50.539Z</time>
      </trkpt>
      <trkpt lat="48.613029" lon="1.907752">
        <ele>129.469337</ele>
        <time>2026-05-12T00:11:51.154Z</time>
      </trkpt>
      <trkpt lat="48.612805" lon="1.907299">
        <ele>128.825635</ele>
        <time>2026-05-12T00:11:55.370Z</time>
      </trkpt>
      <trkpt lat="48.612776" lon="1.907246">
        <ele>128.747350</ele>
        <time>2026-05-12T00:11:55.887Z</time>
      </trkpt>
      <trkpt lat="48.612335" lon="1.906447">
        <ele>127.562969</ele>
        <time>2026-05-12T00:12:03.985Z</time>
      </trkpt>
      <trkpt lat="48.611199" lon="1.904410">
        <ele>128.088089</ele>
        <time>2026-05-12T00:12:31.865Z</time>
      </trkpt>
      <trkpt lat="48.611165" lon="1.904367">
        <ele>128.101809</ele>
        <time>2026-05-12T00:12:32.740Z</time>
      </trkpt>
      <trkpt lat="48.608462" lon="1.901696">
        <ele>135.071448</ele>
        <time>2026-05-12T00:13:49.171Z</time>
      </trkpt>
      <trkpt lat="48.607775" lon="1.900996">
        <ele>137.189424</ele>
        <time>2026-05-12T00:14:11.310Z</time>
      </trkpt>
      <trkpt lat="48.606476" lon="1.899892">
        <ele>141.279703</ele>
        <time>2026-05-12T00:14:48.858Z</time>
      </trkpt>
      <trkpt lat="48.606243" lon="1.899693">
        <ele>142.140212</ele>
        <time>2026-05-12T00:14:55.852Z</time>
      </trkpt>
      <trkpt lat="48.605556" lon="1.899109">
        <ele>144.674557</ele>
        <time>2026-05-12T00:15:17.538Z</time>
      </trkpt>
      <trkpt lat="48.604174" lon="1.897932">
        <ele>150.178884</ele>
        <time>2026-05-12T00:16:04.121Z</time>
      </trkpt>
      <trkpt lat="48.603823" lon="1.897695">
        <ele>151.571508</ele>
        <time>2026-05-12T00:16:15.694Z</time>
      </trkpt>
      <trkpt lat="48.601785" lon="1.896912">
        <ele>158.767224</ele>
        <time>2026-05-12T00:17:16.814Z</time>
      </trkpt>
      <trkpt lat="48.601649" lon="1.896992">
        <ele>159.222970</ele>
        <time>2026-05-12T00:17:20.423Z</time>
      </trkpt>
      <trkpt lat="48.601284" lon="1.897481">
        <ele>160.230058</ele>
        <time>2026-05-12T00:17:32.017Z</time>
      </trkpt>
      <trkpt lat="48.600591" lon="1.898489">
        <ele>162.215887</ele>
        <time>2026-05-12T00:17:53.713Z</time>
      </trkpt>
      <trkpt lat="48.600097" lon="1.899151">
        <ele>163.156281</ele>
        <time>2026-05-12T00:18:08.411Z</time>
      </trkpt>
      <trkpt lat="48.596657" lon="1.902969">
        <ele>166.386673</ele>
        <time>2026-05-12T00:19:23.228Z</time>
      </trkpt>
      <trkpt lat="48.595329" lon="1.904437">
        <ele>166.790869</ele>
        <time>2026-05-12T00:19:50.462Z</time>
      </trkpt>
      <trkpt lat="48.593492" lon="1.906448">
        <ele>166.302087</ele>
        <time>2026-05-12T00:20:20.425Z</time>
      </trkpt>
      <trkpt lat="48.593415" lon="1.906487">
        <ele>166.275096</ele>
        <time>2026-05-12T00:20:21.578Z</time>
      </trkpt>
      <trkpt lat="48.593340" lon="1.906454">
        <ele>166.249132</ele>
        <time>2026-05-12T00:20:22.694Z</time>
      </trkpt>
      <trkpt lat="48.592658" lon="1.904655">
        <ele>166.050722</ele>
        <time>2026-05-12T00:20:43.905Z</time>
      </trkpt>
      <trkpt lat="48.592166" lon="1.903177">
        <ele>165.744636</ele>
        <time>2026-05-12T00:20:58.969Z</time>
      </trkpt>
      <trkpt lat="48.592040" lon="1.902893">
        <ele>165.590196</ele>
        <time>2026-05-12T00:21:01.822Z</time>
      </trkpt>
      <trkpt lat="48.591903" lon="1.902844">
        <ele>165.494070</ele>
        <time>2026-05-12T00:21:03.577Z</time>
      </trkpt>
      <trkpt lat="48.591681" lon="1.902927">
        <ele>165.337923</ele>
        <time>2026-05-12T00:21:06.402Z</time>
      </trkpt>
      <trkpt lat="48.591621" lon="1.902814">
        <ele>165.272481</ele>
        <time>2026-05-12T00:21:07.598Z</time>
      </trkpt>
      <trkpt lat="48.591033" lon="1.900462">
        <ele>164.543444</ele>
        <time>2026-05-12T00:21:28.783Z</time>
      </trkpt>
      <trkpt lat="48.590934" lon="1.900244">
        <ele>164.502338</ele>
        <time>2026-05-12T00:21:31.329Z</time>
      </trkpt>
      <trkpt lat="48.589706" lon="1.898134">
        <ele>164.487322</ele>
        <time>2026-05-12T00:22:01.295Z</time>
      </trkpt>
      <trkpt lat="48.589532" lon="1.897808">
        <ele>164.524465</ele>
        <time>2026-05-12T00:22:05.550Z</time>
      </trkpt>
      <trkpt lat="48.589240" lon="1.897407">
        <ele>164.564312</ele>
        <time>2026-05-12T00:22:11.232Z</time>
      </trkpt>
      <trkpt lat="48.588898" lon="1.896995">
        <ele>164.266846</ele>
        <time>2026-05-12T00:22:17.109Z</time>
      </trkpt>
      <trkpt lat="48.587911" lon="1.895927">
        <ele>163.441200</ele>
        <time>2026-05-12T00:22:32.326Z</time>
      </trkpt>
      <trkpt lat="48.587301" lon="1.895100">
        <ele>162.879360</ele>
        <time>2026-05-12T00:22:42.392Z</time>
      </trkpt>
      <trkpt lat="48.586938" lon="1.894509">
        <ele>162.512992</ele>
        <time>2026-05-12T00:22:49.255Z</time>
      </trkpt>
      <trkpt lat="48.586323" lon="1.893239">
        <ele>161.792083</ele>
        <time>2026-05-12T00:23:03.154Z</time>
      </trkpt>
      <trkpt lat="48.585822" lon="1.892341">
        <ele>161.248524</ele>
        <time>2026-05-12T00:23:13.282Z</time>
      </trkpt>
      <trkpt lat="48.585363" lon="1.891431">
        <ele>160.690963</ele>
        <time>2026-05-12T00:23:22.549Z</time>
      </trkpt>
      <trkpt lat="48.584922" lon="1.890151">
        <ele>159.888721</ele>
        <time>2026-05-12T00:23:34.153Z</time>
      </trkpt>
      <trkpt lat="48.584806" lon="1.889936">
        <ele>159.734496</ele>
        <time>2026-05-12T00:23:36.417Z</time>
      </trkpt>
      <trkpt lat="48.583948" lon="1.888780">
        <ele>159.488562</ele>
        <time>2026-05-12T00:23:51.914Z</time>
      </trkpt>
      <trkpt lat="48.581503" lon="1.887305">
        <ele>160.925651</ele>
        <time>2026-05-12T00:24:37.800Z</time>
      </trkpt>
      <trkpt lat="48.580979" lon="1.886706">
        <ele>161.675398</ele>
        <time>2026-05-12T00:24:50.665Z</time>
      </trkpt>
      <trkpt lat="48.580208" lon="1.885671">
        <ele>163.112613</ele>
        <time>2026-05-12T00:25:13.416Z</time>
      </trkpt>
      <trkpt lat="48.579281" lon="1.886557">
        <ele>162.722751</ele>
        <time>2026-05-12T00:25:33.840Z</time>
      </trkpt>
      <trkpt lat="48.578213" lon="1.887577">
        <ele>160.293075</ele>
        <time>2026-05-12T00:25:47.266Z</time>
      </trkpt>
      <trkpt lat="48.577465" lon="1.886743">
        <ele>154.943213</ele>
        <time>2026-05-12T00:25:55.823Z</time>
      </trkpt>
      <trkpt lat="48.576906" lon="1.886242">
        <ele>151.202689</ele>
        <time>2026-05-12T00:26:01.645Z</time>
      </trkpt>
      <trkpt lat="48.576736" lon="1.886057">
        <ele>149.969565</ele>
        <time>2026-05-12T00:26:03.516Z</time>
      </trkpt>
      <trkpt lat="48.576183" lon="1.885084">
        <ele>144.943414</ele>
        <time>2026-05-12T00:26:11.180Z</time>
      </trkpt>
      <trkpt lat="48.576068" lon="1.884878">
        <ele>143.887273</ele>
        <time>2026-05-12T00:26:12.826Z</time>
      </trkpt>
      <trkpt lat="48.575876" lon="1.884411">
        <ele>141.732842</ele>
        <time>2026-05-12T00:26:16.223Z</time>
      </trkpt>
      <trkpt lat="48.575294" lon="1.882230">
        <ele>136.131386</ele>
        <time>2026-05-12T00:26:31.444Z</time>
      </trkpt>
      <trkpt lat="48.575143" lon="1.881660">
        <ele>134.843865</ele>
        <time>2026-05-12T00:26:35.967Z</time>
      </trkpt>
      <trkpt lat="48.575171" lon="1.880799">
        <ele>135.195442</ele>
        <time>2026-05-12T00:26:43.604Z</time>
      </trkpt>
      <trkpt lat="48.575048" lon="1.879821">
        <ele>136.007192</ele>
        <time>2026-05-12T00:26:57.591Z</time>
      </trkpt>
      <trkpt lat="48.575076" lon="1.879284">
        <ele>136.446425</ele>
        <time>2026-05-12T00:27:06.587Z</time>
      </trkpt>
      <trkpt lat="48.575446" lon="1.878438">
        <ele>137.890874</ele>
        <time>2026-05-12T00:27:24.444Z</time>
      </trkpt>
      <trkpt lat="48.575499" lon="1.878344">
        <ele>138.125089</ele>
        <time>2026-05-12T00:27:26.563Z</time>
      </trkpt>
      <trkpt lat="48.575598" lon="1.878194">
        <ele>138.526890</ele>
        <time>2026-05-12T00:27:30.122Z</time>
      </trkpt>
      <trkpt lat="48.575793" lon="1.877889">
        <ele>139.331232</ele>
        <time>2026-05-12T00:27:37.291Z</time>
      </trkpt>
      <trkpt lat="48.575831" lon="1.877841">
        <ele>139.473182</ele>
        <time>2026-05-12T00:27:38.555Z</time>
      </trkpt>
      <trkpt lat="48.575696" lon="1.877465">
        <ele>140.284469</ele>
        <time>2026-05-12T00:27:47.254Z</time>
      </trkpt>
      <trkpt lat="48.575558" lon="1.877078">
        <ele>141.118198</ele>
        <time>2026-05-12T00:27:54.653Z</time>
      </trkpt>
      <trkpt lat="48.575537" lon="1.877007">
        <ele>141.265687</ele>
        <time>2026-05-12T00:27:56.253Z</time>
      </trkpt>
      <trkpt lat="48.575522" lon="1.876943">
        <ele>141.394450</ele>
        <time>2026-05-12T00:27:57.646Z</time>
      </trkpt>
      <trkpt lat="48.575454" lon="1.876628">
        <ele>142.055764</ele>
        <time>2026-05-12T00:28:04.812Z</time>
      </trkpt>
      <trkpt lat="48.575165" lon="1.875930">
        <ele>144.477713</ele>
        <time>2026-05-12T00:28:23.760Z</time>
      </trkpt>
      <trkpt lat="48.574805" lon="1.875128">
        <ele>147.328374</ele>
        <time>2026-05-12T00:28:49.184Z</time>
      </trkpt>
      <trkpt lat="48.574905" lon="1.874339">
        <ele>149.691342</ele>
        <time>2026-05-12T00:29:11.841Z</time>
      </trkpt>
      <trkpt lat="48.574880" lon="1.874159">
        <ele>150.157379</ele>
        <time>2026-05-12T00:29:16.884Z</time>
      </trkpt>
      <trkpt lat="48.574366" lon="1.873167">
        <ele>152.846701</ele>
        <time>2026-05-12T00:29:48.014Z</time>
      </trkpt>
      <trkpt lat="48.573317" lon="1.871418">
        <ele>156.546892</ele>
        <time>2026-05-12T00:30:31.433Z</time>
      </trkpt>
      <trkpt lat="48.572731" lon="1.870315">
        <ele>157.663538</ele>
        <time>2026-05-12T00:30:53.301Z</time>
      </trkpt>
      <trkpt lat="48.571657" lon="1.867797">
        <ele>159.082213</ele>
        <time>2026-05-12T00:31:38.645Z</time>
      </trkpt>
      <trkpt lat="48.571449" lon="1.867375">
        <ele>159.266729</ele>
        <time>2026-05-12T00:31:46.677Z</time>
      </trkpt>
      <trkpt lat="48.570664" lon="1.866033">
        <ele>159.885026</ele>
        <time>2026-05-12T00:32:13.236Z</time>
      </trkpt>
      <trkpt lat="48.570394" lon="1.865492">
        <ele>160.085401</ele>
        <time>2026-05-12T00:32:22.932Z</time>
      </trkpt>
      <trkpt lat="48.569363" lon="1.863309">
        <ele>160.653301</ele>
        <time>2026-05-12T00:33:00.464Z</time>
      </trkpt>
      <trkpt lat="48.568624" lon="1.861664">
        <ele>161.147699</ele>
        <time>2026-05-12T00:33:29.913Z</time>
      </trkpt>
      <trkpt lat="48.568425" lon="1.861145">
        <ele>161.230499</ele>
        <time>2026-05-12T00:33:38.619Z</time>
      </trkpt>
      <trkpt lat="48.568311" lon="1.860749">
        <ele>160.976659</ele>
        <time>2026-05-12T00:33:44.625Z</time>
      </trkpt>
      <trkpt lat="48.567976" lon="1.859424">
        <ele>160.142915</ele>
        <time>2026-05-12T00:34:01.176Z</time>
      </trkpt>
      <trkpt lat="48.567762" lon="1.858740">
        <ele>159.698187</ele>
        <time>2026-05-12T00:34:09.032Z</time>
      </trkpt>
      <trkpt lat="48.567637" lon="1.858188">
        <ele>159.445000</ele>
        <time>2026-05-12T00:34:15.229Z</time>
      </trkpt>
      <trkpt lat="48.567471" lon="1.857651">
        <ele>159.193060</ele>
        <time>2026-05-12T00:34:21.688Z</time>
      </trkpt>
      <trkpt lat="48.567396" lon="1.857455">
        <ele>159.096820</ele>
        <time>2026-05-12T00:34:24.263Z</time>
      </trkpt>
      <trkpt lat="48.566809" lon="1.855658">
        <ele>158.976238</ele>
        <time>2026-05-12T00:34:52.387Z</time>
      </trkpt>
      <trkpt lat="48.566519" lon="1.854632">
        <ele>159.744554</ele>
        <time>2026-05-12T00:35:11.232Z</time>
      </trkpt>
      <trkpt lat="48.566446" lon="1.854303">
        <ele>159.983520</ele>
        <time>2026-05-12T00:35:17.242Z</time>
      </trkpt>
      <trkpt lat="48.566433" lon="1.854063">
        <ele>160.149351</ele>
        <time>2026-05-12T00:35:21.398Z</time>
      </trkpt>
      <trkpt lat="48.566478" lon="1.853799">
        <ele>160.337092</ele>
        <time>2026-05-12T00:35:26.108Z</time>
      </trkpt>
      <trkpt lat="48.566560" lon="1.853670">
        <ele>160.447350</ele>
        <time>2026-05-12T00:35:29.157Z</time>
      </trkpt>
      <trkpt lat="48.566612" lon="1.853603">
        <ele>160.504196</ele>
        <time>2026-05-12T00:35:30.931Z</time>
      </trkpt>
      <trkpt lat="48.566793" lon="1.853364">
        <ele>160.704149</ele>
        <time>2026-05-12T00:35:37.029Z</time>
      </trkpt>
      <trkpt lat="48.566843" lon="1.852873">
        <ele>160.977620</ele>
        <time>2026-05-12T00:35:45.202Z</time>
      </trkpt>
      <trkpt lat="48.566824" lon="1.852398">
        <ele>161.239580</ele>
        <time>2026-05-12T00:35:52.878Z</time>
      </trkpt>
      <trkpt lat="48.567005" lon="1.851724">
        <ele>161.639997</ele>
        <time>2026-05-12T00:36:03.599Z</time>
      </trkpt>
      <trkpt lat="48.566973" lon="1.851451">
        <ele>161.792619</ele>
        <time>2026-05-12T00:36:07.487Z</time>
      </trkpt>
      <trkpt lat="48.566779" lon="1.850405">
        <ele>161.890056</ele>
        <time>2026-05-12T00:36:22.106Z</time>
      </trkpt>
      <trkpt lat="48.566778" lon="1.850062">
        <ele>161.889283</ele>
        <time>2026-05-12T00:36:26.657Z</time>
      </trkpt>
      <trkpt lat="48.566860" lon="1.849457">
        <ele>161.887891</ele>
        <time>2026-05-12T00:36:34.857Z</time>
      </trkpt>
      <trkpt lat="48.566859" lon="1.849166">
        <ele>161.887236</ele>
        <time>2026-05-12T00:36:38.726Z</time>
      </trkpt>
      <trkpt lat="48.566826" lon="1.848858">
        <ele>161.886532</ele>
        <time>2026-05-12T00:36:42.863Z</time>
      </trkpt>
      <trkpt lat="48.566453" lon="1.846739">
        <ele>161.629551</ele>
        <time>2026-05-12T00:37:11.536Z</time>
      </trkpt>
      <trkpt lat="48.566390" lon="1.846026">
        <ele>161.534661</ele>
        <time>2026-05-12T00:37:20.643Z</time>
      </trkpt>
      <trkpt lat="48.566472" lon="1.843746">
        <ele>160.598872</ele>
        <time>2026-05-12T00:37:48.257Z</time>
      </trkpt>
      <trkpt lat="48.566479" lon="1.842736">
        <ele>160.192312</ele>
        <time>2026-05-12T00:38:00.021Z</time>
      </trkpt>
      <trkpt lat="48.566431" lon="1.841513">
        <ele>159.715480</ele>
        <time>2026-05-12T00:38:14.584Z</time>
      </trkpt>
      <trkpt lat="48.566460" lon="1.840450">
        <ele>159.339090</ele>
        <time>2026-05-12T00:38:27.765Z</time>
      </trkpt>
      <trkpt lat="48.566853" lon="1.833819">
        <ele>159.467670</ele>
        <time>2026-05-12T00:39:58.796Z</time>
      </trkpt>
      <trkpt lat="48.566538" lon="1.833828">
        <ele>159.419201</ele>
        <time>2026-05-12T00:40:03.290Z</time>
      </trkpt>
      <trkpt lat="48.566288" lon="1.833884">
        <ele>159.380320</ele>
        <time>2026-05-12T00:40:06.789Z</time>
      </trkpt>
      <trkpt lat="48.566017" lon="1.834004">
        <ele>159.336876</ele>
        <time>2026-05-12T00:40:10.534Z</time>
      </trkpt>
      <trkpt lat="48.565462" lon="1.834344">
        <ele>159.133457</ele>
        <time>2026-05-12T00:40:18.244Z</time>
      </trkpt>
      <trkpt lat="48.565113" lon="1.834447">
        <ele>159.002557</ele>
        <time>2026-05-12T00:40:22.880Z</time>
      </trkpt>
      <trkpt lat="48.564946" lon="1.834455">
        <ele>158.941051</ele>
        <time>2026-05-12T00:40:25.060Z</time>
      </trkpt>
      <trkpt lat="48.564576" lon="1.834359">
        <ele>158.802854</ele>
        <time>2026-05-12T00:40:29.991Z</time>
      </trkpt>
      <trkpt lat="48.564259" lon="1.834194">
        <ele>158.679433</ele>
        <time>2026-05-12T00:40:34.728Z</time>
      </trkpt>
      <trkpt lat="48.563884" lon="1.833813">
        <ele>158.739306</ele>
        <time>2026-05-12T00:40:42.186Z</time>
      </trkpt>
      <trkpt lat="48.563687" lon="1.833451">
        <ele>158.797959</ele>
        <time>2026-05-12T00:40:47.579Z</time>
      </trkpt>
      <trkpt lat="48.563488" lon="1.832948">
        <ele>158.871298</ele>
        <time>2026-05-12T00:40:54.145Z</time>
      </trkpt>
      <trkpt lat="48.563397" lon="1.832544">
        <ele>158.924705</ele>
        <time>2026-05-12T00:40:58.681Z</time>
      </trkpt>
      <trkpt lat="48.563343" lon="1.832112">
        <ele>158.979724</ele>
        <time>2026-05-12T00:41:03.121Z</time>
      </trkpt>
      <trkpt lat="48.563293" lon="1.831736">
        <ele>158.909015</ele>
        <time>2026-05-12T00:41:06.837Z</time>
      </trkpt>
      <trkpt lat="48.562915" lon="1.828947">
        <ele>157.728017</ele>
        <time>2026-05-12T00:41:30.121Z</time>
      </trkpt>
      <trkpt lat="48.562799" lon="1.827317">
        <ele>157.710627</ele>
        <time>2026-05-12T00:41:46.206Z</time>
      </trkpt>
      <trkpt lat="48.562761" lon="1.826847">
        <ele>157.705604</ele>
        <time>2026-05-12T00:41:51.564Z</time>
      </trkpt>
      <trkpt lat="48.562670" lon="1.826254">
        <ele>157.750676</ele>
        <time>2026-05-12T00:41:58.417Z</time>
      </trkpt>
      <trkpt lat="48.562505" lon="1.825456">
        <ele>157.871142</ele>
        <time>2026-05-12T00:42:07.736Z</time>
      </trkpt>
      <trkpt lat="48.562033" lon="1.823376">
        <ele>158.092917</ele>
        <time>2026-05-12T00:42:29.185Z</time>
      </trkpt>
      <trkpt lat="48.561556" lon="1.821927">
        <ele>158.089497</ele>
        <time>2026-05-12T00:42:44.635Z</time>
      </trkpt>
      <trkpt lat="48.560983" lon="1.819818">
        <ele>158.434051</ele>
        <time>2026-05-12T00:43:08.354Z</time>
      </trkpt>
      <trkpt lat="48.560816" lon="1.819273">
        <ele>158.547403</ele>
        <time>2026-05-12T00:43:14.837Z</time>
      </trkpt>
      <trkpt lat="48.560659" lon="1.818863">
        <ele>158.694148</ele>
        <time>2026-05-12T00:43:20.081Z</time>
      </trkpt>
      <trkpt lat="48.559773" lon="1.816758">
        <ele>159.929292</ele>
        <time>2026-05-12T00:43:49.836Z</time>
      </trkpt>
      <trkpt lat="48.559472" lon="1.816265">
        <ele>160.166915</ele>
        <time>2026-05-12T00:43:58.120Z</time>
      </trkpt>
      <trkpt lat="48.559365" lon="1.816136">
        <ele>160.238543</ele>
        <time>2026-05-12T00:44:00.606Z</time>
      </trkpt>
      <trkpt lat="48.558535" lon="1.815345">
        <ele>160.752022</ele>
        <time>2026-05-12T00:44:17.070Z</time>
      </trkpt>
      <trkpt lat="48.557568" lon="1.814623">
        <ele>161.149695</ele>
        <time>2026-05-12T00:44:33.398Z</time>
      </trkpt>
      <trkpt lat="48.557429" lon="1.814443">
        <ele>161.208190</ele>
        <time>2026-05-12T00:44:36.198Z</time>
      </trkpt>
      <trkpt lat="48.557055" lon="1.813551">
        <ele>161.431500</ele>
        <time>2026-05-12T00:44:47.918Z</time>
      </trkpt>
      <trkpt lat="48.556835" lon="1.812671">
        <ele>161.575391</ele>
        <time>2026-05-12T00:44:58.760Z</time>
      </trkpt>
      <trkpt lat="48.556820" lon="1.812495">
        <ele>161.600588</ele>
        <time>2026-05-12T00:45:00.706Z</time>
      </trkpt>
      <trkpt lat="48.556842" lon="1.812301">
        <ele>161.628535</ele>
        <time>2026-05-12T00:45:02.807Z</time>
      </trkpt>
      <trkpt lat="48.556891" lon="1.812134">
        <ele>161.654473</ele>
        <time>2026-05-12T00:45:04.699Z</time>
      </trkpt>
      <trkpt lat="48.557011" lon="1.811691">
        <ele>161.722438</ele>
        <time>2026-05-12T00:45:09.668Z</time>
      </trkpt>
      <trkpt lat="48.557038" lon="1.811535">
        <ele>161.745333</ele>
        <time>2026-05-12T00:45:11.288Z</time>
      </trkpt>
      <trkpt lat="48.557046" lon="1.811161">
        <ele>161.798465</ele>
        <time>2026-05-12T00:45:14.966Z</time>
      </trkpt>
      <trkpt lat="48.557000" lon="1.810623">
        <ele>161.779584</ele>
        <time>2026-05-12T00:45:19.968Z</time>
      </trkpt>
      <trkpt lat="48.556992" lon="1.810562">
        <ele>161.756716</ele>
        <time>2026-05-12T00:45:20.528Z</time>
      </trkpt>
      <trkpt lat="48.556829" lon="1.809581">
        <ele>161.384768</ele>
        <time>2026-05-12T00:45:29.291Z</time>
      </trkpt>
      <trkpt lat="48.556754" lon="1.809254">
        <ele>161.257501</ele>
        <time>2026-05-12T00:45:32.266Z</time>
      </trkpt>
      <trkpt lat="48.556401" lon="1.808164">
        <ele>160.790982</ele>
        <time>2026-05-12T00:45:42.760Z</time>
      </trkpt>
      <trkpt lat="48.556359" lon="1.807895">
        <ele>160.635401</ele>
        <time>2026-05-12T00:45:45.048Z</time>
      </trkpt>
      <trkpt lat="48.556357" lon="1.807805">
        <ele>160.584710</ele>
        <time>2026-05-12T00:45:45.781Z</time>
      </trkpt>
      <trkpt lat="48.556353" lon="1.807571">
        <ele>160.452944</ele>
        <time>2026-05-12T00:45:47.685Z</time>
      </trkpt>
      <trkpt lat="48.556290" lon="1.807340">
        <ele>160.312304</ele>
        <time>2026-05-12T00:45:49.710Z</time>
      </trkpt>
      <trkpt lat="48.556309" lon="1.807223">
        <ele>160.244489</ele>
        <time>2026-05-12T00:45:50.688Z</time>
      </trkpt>
      <trkpt lat="48.556275" lon="1.807114">
        <ele>160.176659</ele>
        <time>2026-05-12T00:45:51.658Z</time>
      </trkpt>
      <trkpt lat="48.556203" lon="1.807060">
        <ele>160.108295</ele>
        <time>2026-05-12T00:45:52.644Z</time>
      </trkpt>
      <trkpt lat="48.556162" lon="1.807063">
        <ele>160.073384</ele>
        <time>2026-05-12T00:45:53.138Z</time>
      </trkpt>
      <trkpt lat="48.556115" lon="1.807095">
        <ele>160.029540</ele>
        <time>2026-05-12T00:45:53.769Z</time>
      </trkpt>
      <trkpt lat="48.555991" lon="1.807062">
        <ele>159.922458</ele>
        <time>2026-05-12T00:45:55.320Z</time>
      </trkpt>
      <trkpt lat="48.555851" lon="1.806929">
        <ele>159.781808</ele>
        <time>2026-05-12T00:45:57.344Z</time>
      </trkpt>
      <trkpt lat="48.555508" lon="1.806497">
        <ele>159.402026</ele>
        <time>2026-05-12T00:46:02.881Z</time>
      </trkpt>
      <trkpt lat="48.554495" lon="1.805271">
        <ele>158.873552</ele>
        <time>2026-05-12T00:46:19.797Z</time>
      </trkpt>
      <trkpt lat="48.553219" lon="1.803714">
        <ele>158.596082</ele>
        <time>2026-05-12T00:46:44.474Z</time>
      </trkpt>
      <trkpt lat="48.551902" lon="1.802371">
        <ele>158.433378</ele>
        <time>2026-05-12T00:47:07.027Z</time>
      </trkpt>
      <trkpt lat="48.551547" lon="1.801963">
        <ele>158.367821</ele>
        <time>2026-05-12T00:47:13.447Z</time>
      </trkpt>
      <trkpt lat="48.551087" lon="1.801271">
        <ele>158.260218</ele>
        <time>2026-05-12T00:47:23.094Z</time>
      </trkpt>
      <trkpt lat="48.550525" lon="1.800133">
        <ele>158.033702</ele>
        <time>2026-05-12T00:47:36.600Z</time>
      </trkpt>
      <trkpt lat="48.550220" lon="1.799662">
        <ele>157.928582</ele>
        <time>2026-05-12T00:47:42.497Z</time>
      </trkpt>
      <trkpt lat="48.548781" lon="1.798046">
        <ele>156.964656</ele>
        <time>2026-05-12T00:48:05.631Z</time>
      </trkpt>
      <trkpt lat="48.547437" lon="1.796306">
        <ele>156.091745</ele>
        <time>2026-05-12T00:48:29.438Z</time>
      </trkpt>
      <trkpt lat="48.546771" lon="1.795281">
        <ele>155.997462</ele>
        <time>2026-05-12T00:48:41.842Z</time>
      </trkpt>
      <trkpt lat="48.543787" lon="1.790515">
        <ele>156.562076</ele>
        <time>2026-05-12T00:49:50.247Z</time>
      </trkpt>
      <trkpt lat="48.543550" lon="1.790059">
        <ele>156.639824</ele>
        <time>2026-05-12T00:49:56.421Z</time>
      </trkpt>
      <trkpt lat="48.543085" lon="1.788862">
        <ele>156.453774</ele>
        <time>2026-05-12T00:50:10.075Z</time>
      </trkpt>
      <trkpt lat="48.543030" lon="1.788661">
        <ele>156.421566</ele>
        <time>2026-05-12T00:50:12.144Z</time>
      </trkpt>
      <trkpt lat="48.542888" lon="1.787819">
        <ele>156.292892</ele>
        <time>2026-05-12T00:50:19.900Z</time>
      </trkpt>
      <trkpt lat="48.542710" lon="1.787331">
        <ele>156.096081</ele>
        <time>2026-05-12T00:50:24.576Z</time>
      </trkpt>
      <trkpt lat="48.542620" lon="1.787186">
        <ele>155.974154</ele>
        <time>2026-05-12T00:50:26.197Z</time>
      </trkpt>
      <trkpt lat="48.541073" lon="1.785294">
        <ele>154.654810</ele>
        <time>2026-05-12T00:50:50.443Z</time>
      </trkpt>
      <trkpt lat="48.536808" lon="1.780061">
        <ele>155.909321</ele>
        <time>2026-05-12T00:52:19.823Z</time>
      </trkpt>
      <trkpt lat="48.536328" lon="1.779472">
        <ele>156.039767</ele>
        <time>2026-05-12T00:52:29.675Z</time>
      </trkpt>
      <trkpt lat="48.534491" lon="1.777259">
        <ele>156.043680</ele>
        <time>2026-05-12T00:53:04.300Z</time>
      </trkpt>
      <trkpt lat="48.533388" lon="1.775828">
        <ele>155.571725</ele>
        <time>2026-05-12T00:53:24.568Z</time>
      </trkpt>
      <trkpt lat="48.532415" lon="1.774460">
        <ele>154.898822</ele>
        <time>2026-05-12T00:53:41.794Z</time>
      </trkpt>
      <trkpt lat="48.531743" lon="1.773742">
        <ele>154.423167</ele>
        <time>2026-05-12T00:53:52.476Z</time>
      </trkpt>
      <trkpt lat="48.531335" lon="1.773731">
        <ele>154.153014</ele>
        <time>2026-05-12T00:53:57.819Z</time>
      </trkpt>
      <trkpt lat="48.531042" lon="1.773418">
        <ele>153.912634</ele>
        <time>2026-05-12T00:54:02.549Z</time>
      </trkpt>
      <trkpt lat="48.530685" lon="1.772987">
        <ele>153.606507</ele>
        <time>2026-05-12T00:54:08.741Z</time>
      </trkpt>
      <trkpt lat="48.529830" lon="1.771590">
        <ele>152.340903</ele>
        <time>2026-05-12T00:54:24.259Z</time>
      </trkpt>
      <trkpt lat="48.529272" lon="1.771025">
        <ele>151.455414</ele>
        <time>2026-05-12T00:54:32.028Z</time>
      </trkpt>
      <trkpt lat="48.529080" lon="1.770887">
        <ele>151.175150</ele>
        <time>2026-05-12T00:54:34.449Z</time>
      </trkpt>
      <trkpt lat="48.528458" lon="1.770809">
        <ele>150.333220</ele>
        <time>2026-05-12T00:54:41.510Z</time>
      </trkpt>
      <trkpt lat="48.527468" lon="1.769989">
        <ele>148.784563</ele>
        <time>2026-05-12T00:54:54.600Z</time>
      </trkpt>
      <trkpt lat="48.527430" lon="1.769957">
        <ele>148.724888</ele>
        <time>2026-05-12T00:54:55.133Z</time>
      </trkpt>
      <trkpt lat="48.524243" lon="1.769426">
        <ele>144.457758</ele>
        <time>2026-05-12T00:55:34.310Z</time>
      </trkpt>
      <trkpt lat="48.522515" lon="1.768464">
        <ele>138.998190</ele>
        <time>2026-05-12T00:55:53.011Z</time>
      </trkpt>
      <trkpt lat="48.522110" lon="1.768332">
        <ele>137.508181</ele>
        <time>2026-05-12T00:55:57.002Z</time>
      </trkpt>
      <trkpt lat="48.521894" lon="1.768195">
        <ele>136.685738</ele>
        <time>2026-05-12T00:55:59.263Z</time>
      </trkpt>
      <trkpt lat="48.521627" lon="1.767987">
        <ele>135.775044</ele>
        <time>2026-05-12T00:56:02.173Z</time>
      </trkpt>
      <trkpt lat="48.521106" lon="1.767692">
        <ele>134.088421</ele>
        <time>2026-05-12T00:56:07.467Z</time>
      </trkpt>
      <trkpt lat="48.521009" lon="1.767508">
        <ele>133.616288</ele>
        <time>2026-05-12T00:56:08.960Z</time>
      </trkpt>
      <trkpt lat="48.520908" lon="1.767147">
        <ele>132.829517</ele>
        <time>2026-05-12T00:56:11.591Z</time>
      </trkpt>
      <trkpt lat="48.520825" lon="1.766850">
        <ele>132.182340</ele>
        <time>2026-05-12T00:56:13.926Z</time>
      </trkpt>
      <trkpt lat="48.520596" lon="1.766268">
        <ele>131.881828</ele>
        <time>2026-05-12T00:56:19.913Z</time>
      </trkpt>
      <trkpt lat="48.520575" lon="1.766209">
        <ele>132.021974</ele>
        <time>2026-05-12T00:56:20.663Z</time>
      </trkpt>
      <trkpt lat="48.520235" lon="1.765375">
        <ele>134.071079</ele>
        <time>2026-05-12T00:56:35.963Z</time>
      </trkpt>
      <trkpt lat="48.520160" lon="1.765180">
        <ele>134.542898</ele>
        <time>2026-05-12T00:56:40.664Z</time>
      </trkpt>
      <trkpt lat="48.520115" lon="1.765060">
        <ele>134.831434</ele>
        <time>2026-05-12T00:56:43.783Z</time>
      </trkpt>
      <trkpt lat="48.519843" lon="1.764059">
        <ele>137.121591</ele>
        <time>2026-05-12T00:57:10.819Z</time>
      </trkpt>
      <trkpt lat="48.519771" lon="1.763941">
        <ele>137.580097</ele>
        <time>2026-05-12T00:57:14.757Z</time>
      </trkpt>
      <trkpt lat="48.519557" lon="1.763729">
        <ele>138.684459</ele>
        <time>2026-05-12T00:57:24.155Z</time>
      </trkpt>
      <trkpt lat="48.519483" lon="1.763616">
        <ele>139.138586</ele>
        <time>2026-05-12T00:57:27.867Z</time>
      </trkpt>
      <trkpt lat="48.518639" lon="1.761675">
        <ele>145.267597</ele>
        <time>2026-05-12T00:58:15.019Z</time>
      </trkpt>
      <trkpt lat="48.518336" lon="1.761494">
        <ele>145.954169</ele>
        <time>2026-05-12T00:58:23.128Z</time>
      </trkpt>
      <trkpt lat="48.518266" lon="1.760170">
        <ele>147.807845</ele>
        <time>2026-05-12T00:58:43.245Z</time>
      </trkpt>
      <trkpt lat="48.518222" lon="1.760002">
        <ele>148.059972</ele>
        <time>2026-05-12T00:58:45.619Z</time>
      </trkpt>
      <trkpt lat="48.518163" lon="1.759891">
        <ele>148.258597</ele>
        <time>2026-05-12T00:58:47.380Z</time>
      </trkpt>
      <trkpt lat="48.517912" lon="1.759795">
        <ele>148.560199</ele>
        <time>2026-05-12T00:58:51.776Z</time>
      </trkpt>
      <trkpt lat="48.517797" lon="1.759698">
        <ele>148.543874</ele>
        <time>2026-05-12T00:58:54.011Z</time>
      </trkpt>
      <trkpt lat="48.517744" lon="1.759457">
        <ele>148.523030</ele>
        <time>2026-05-12T00:58:56.811Z</time>
      </trkpt>
      <trkpt lat="48.517790" lon="1.758448">
        <ele>148.440010</ele>
        <time>2026-05-12T00:59:07.404Z</time>
      </trkpt>
      <trkpt lat="48.517758" lon="1.758061">
        <ele>148.407997</ele>
        <time>2026-05-12T00:59:11.068Z</time>
      </trkpt>
      <trkpt lat="48.517853" lon="1.757980">
        <ele>148.394477</ele>
        <time>2026-05-12T00:59:12.511Z</time>
      </trkpt>
      <trkpt lat="48.517932" lon="1.757829">
        <ele>148.378682</ele>
        <time>2026-05-12T00:59:14.147Z</time>
      </trkpt>
      <trkpt lat="48.518271" lon="1.756501">
        <ele>146.362061</ele>
        <time>2026-05-12T00:59:24.660Z</time>
      </trkpt>
      <trkpt lat="48.518346" lon="1.756279">
        <ele>145.904943</ele>
        <time>2026-05-12T00:59:26.365Z</time>
      </trkpt>
      <trkpt lat="48.518417" lon="1.756164">
        <ele>145.616578</ele>
        <time>2026-05-12T00:59:27.423Z</time>
      </trkpt>
      <trkpt lat="48.518861" lon="1.755843">
        <ele>144.253328</ele>
        <time>2026-05-12T00:59:32.298Z</time>
      </trkpt>
      <trkpt lat="48.519117" lon="1.755600">
        <ele>143.415925</ele>
        <time>2026-05-12T00:59:35.227Z</time>
      </trkpt>
      <trkpt lat="48.519831" lon="1.754768">
        <ele>140.846718</ele>
        <time>2026-05-12T00:59:44.240Z</time>
      </trkpt>
      <trkpt lat="48.520296" lon="1.754204">
        <ele>139.146758</ele>
        <time>2026-05-12T00:59:50.559Z</time>
      </trkpt>
      <trkpt lat="48.520687" lon="1.753648">
        <ele>137.722459</ele>
        <time>2026-05-12T00:59:56.586Z</time>
      </trkpt>
      <trkpt lat="48.520742" lon="1.753529">
        <ele>137.495006</ele>
        <time>2026-05-12T00:59:57.703Z</time>
      </trkpt>
      <trkpt lat="48.520910" lon="1.753036">
        <ele>136.625966</ele>
        <time>2026-05-12T01:00:01.786Z</time>
      </trkpt>
      <trkpt lat="48.520997" lon="1.752509">
        <ele>135.774639</ele>
        <time>2026-05-12T01:00:05.674Z</time>
      </trkpt>
      <trkpt lat="48.521009" lon="1.751908">
        <ele>134.832165</ele>
        <time>2026-05-12T01:00:09.869Z</time>
      </trkpt>
      <trkpt lat="48.520946" lon="1.751408">
        <ele>134.034377</ele>
        <time>2026-05-12T01:00:13.304Z</time>
      </trkpt>
      <trkpt lat="48.520829" lon="1.750759">
        <ele>132.635484</ele>
        <time>2026-05-12T01:00:17.811Z</time>
      </trkpt>
      <trkpt lat="48.520700" lon="1.750018">
        <ele>131.023646</ele>
        <time>2026-05-12T01:00:22.910Z</time>
      </trkpt>
      <trkpt lat="48.520583" lon="1.749539">
        <ele>129.949601</ele>
        <time>2026-05-12T01:00:26.325Z</time>
      </trkpt>
      <trkpt lat="48.520531" lon="1.749421">
        <ele>129.651432</ele>
        <time>2026-05-12T01:00:27.268Z</time>
      </trkpt>
      <trkpt lat="48.519886" lon="1.748568">
        <ele>127.870605</ele>
        <time>2026-05-12T01:00:35.977Z</time>
      </trkpt>
      <trkpt lat="48.519793" lon="1.748384">
        <ele>127.724581</ele>
        <time>2026-05-12T01:00:37.632Z</time>
      </trkpt>
      <trkpt lat="48.519755" lon="1.748241">
        <ele>127.627372</ele>
        <time>2026-05-12T01:00:38.769Z</time>
      </trkpt>
      <trkpt lat="48.519761" lon="1.748125">
        <ele>127.553965</ele>
        <time>2026-05-12T01:00:39.655Z</time>
      </trkpt>
      <trkpt lat="48.519798" lon="1.748001">
        <ele>127.468161</ele>
        <time>2026-05-12T01:00:40.709Z</time>
      </trkpt>
      <trkpt lat="48.519828" lon="1.747876">
        <ele>127.384281</ele>
        <time>2026-05-12T01:00:41.789Z</time>
      </trkpt>
      <trkpt lat="48.519959" lon="1.747291">
        <ele>126.994682</ele>
        <time>2026-05-12T01:00:47.440Z</time>
      </trkpt>
      <trkpt lat="48.520022" lon="1.747110">
        <ele>126.865682</ele>
        <time>2026-05-12T01:00:49.710Z</time>
      </trkpt>
      <trkpt lat="48.520070" lon="1.746861">
        <ele>126.702070</ele>
        <time>2026-05-12T01:00:52.834Z</time>
      </trkpt>
      <trkpt lat="48.520015" lon="1.746680">
        <ele>126.576434</ele>
        <time>2026-05-12T01:00:55.378Z</time>
      </trkpt>
      <trkpt lat="48.519858" lon="1.746291">
        <ele>126.883863</ele>
        <time>2026-05-12T01:01:01.809Z</time>
      </trkpt>
      <trkpt lat="48.519698" lon="1.745728">
        <ele>127.342209</ele>
        <time>2026-05-12T01:01:11.614Z</time>
      </trkpt>
      <trkpt lat="48.519637" lon="1.745466">
        <ele>127.549983</ele>
        <time>2026-05-12T01:01:15.964Z</time>
      </trkpt>
      <trkpt lat="48.519618" lon="1.745274">
        <ele>127.695224</ele>
        <time>2026-05-12T01:01:18.944Z</time>
      </trkpt>
      <trkpt lat="48.519638" lon="1.744370">
        <ele>128.371936</ele>
        <time>2026-05-12T01:01:31.020Z</time>
      </trkpt>
      <trkpt lat="48.519791" lon="1.737202">
        <ele>125.897452</ele>
        <time>2026-05-12T01:02:29.274Z</time>
      </trkpt>
      <trkpt lat="48.519855" lon="1.736574">
        <ele>126.104162</ele>
        <time>2026-05-12T01:02:38.508Z</time>
      </trkpt>
      <trkpt lat="48.520106" lon="1.735473">
        <ele>126.508689</ele>
        <time>2026-05-12T01:02:57.819Z</time>
      </trkpt>
      <trkpt lat="48.520329" lon="1.734852">
        <ele>126.772789</ele>
        <time>2026-05-12T01:03:08.742Z</time>
      </trkpt>
      <trkpt lat="48.520694" lon="1.734017">
        <ele>127.146825</ele>
        <time>2026-05-12T01:03:19.648Z</time>
      </trkpt>
      <trkpt lat="48.520964" lon="1.733475">
        <ele>126.943535</ele>
        <time>2026-05-12T01:03:24.586Z</time>
      </trkpt>
      <trkpt lat="48.521187" lon="1.732873">
        <ele>125.620422</ele>
        <time>2026-05-12T01:03:29.081Z</time>
      </trkpt>
      <trkpt lat="48.521266" lon="1.732511">
        <ele>124.889300</ele>
        <time>2026-05-12T01:03:31.567Z</time>
      </trkpt>
      <trkpt lat="48.521265" lon="1.732128">
        <ele>124.154610</ele>
        <time>2026-05-12T01:03:34.055Z</time>
      </trkpt>
      <trkpt lat="48.521243" lon="1.731955">
        <ele>123.816695</ele>
        <time>2026-05-12T01:03:35.199Z</time>
      </trkpt>
      <trkpt lat="48.521235" lon="1.731886">
        <ele>123.682324</ele>
        <time>2026-05-12T01:03:35.670Z</time>
      </trkpt>
      <trkpt lat="48.521107" lon="1.731325">
        <ele>122.544132</ele>
        <time>2026-05-12T01:03:39.585Z</time>
      </trkpt>
      <trkpt lat="48.519331" lon="1.725402">
        <ele>117.322316</ele>
        <time>2026-05-12T01:04:31.325Z</time>
      </trkpt>
      <trkpt lat="48.519257" lon="1.724910">
        <ele>117.123704</ele>
        <time>2026-05-12T01:04:35.714Z</time>
      </trkpt>
      <trkpt lat="48.519085" lon="1.722360">
        <ele>116.340585</ele>
        <time>2026-05-12T01:04:59.319Z</time>
      </trkpt>
      <trkpt lat="48.519015" lon="1.721866">
        <ele>116.236818</ele>
        <time>2026-05-12T01:05:04.150Z</time>
      </trkpt>
      <trkpt lat="48.518861" lon="1.721170">
        <ele>116.086089</ele>
        <time>2026-05-12T01:05:10.790Z</time>
      </trkpt>
      <trkpt lat="48.518777" lon="1.720664">
        <ele>115.959677</ele>
        <time>2026-05-12T01:05:15.285Z</time>
      </trkpt>
      <trkpt lat="48.518736" lon="1.718619">
        <ele>115.378716</ele>
        <time>2026-05-12T01:05:32.912Z</time>
      </trkpt>
      <trkpt lat="48.518708" lon="1.718354">
        <ele>115.302516</ele>
        <time>2026-05-12T01:05:35.471Z</time>
      </trkpt>
      <trkpt lat="48.518617" lon="1.717934">
        <ele>115.373814</ele>
        <time>2026-05-12T01:05:39.934Z</time>
      </trkpt>
      <trkpt lat="48.518451" lon="1.717469">
        <ele>115.587338</ele>
        <time>2026-05-12T01:05:45.707Z</time>
      </trkpt>
      <trkpt lat="48.517860" lon="1.716208">
        <ele>116.211758</ele>
        <time>2026-05-12T01:06:04.163Z</time>
      </trkpt>
      <trkpt lat="48.517679" lon="1.715461">
        <ele>116.588510</ele>
        <time>2026-05-12T01:06:13.840Z</time>
      </trkpt>
      <trkpt lat="48.517077" lon="1.713846">
        <ele>117.570792</ele>
        <time>2026-05-12T01:06:37.206Z</time>
      </trkpt>
      <trkpt lat="48.516953" lon="1.713373">
        <ele>117.753671</ele>
        <time>2026-05-12T01:06:42.899Z</time>
      </trkpt>
      <trkpt lat="48.516914" lon="1.713122">
        <ele>117.628348</ele>
        <time>2026-05-12T01:06:45.467Z</time>
      </trkpt>
      <trkpt lat="48.516879" lon="1.712272">
        <ele>117.214363</ele>
        <time>2026-05-12T01:06:52.805Z</time>
      </trkpt>
      <trkpt lat="48.516869" lon="1.712006">
        <ele>117.084852</ele>
        <time>2026-05-12T01:06:54.939Z</time>
      </trkpt>
      <trkpt lat="48.516870" lon="1.711620">
        <ele>116.897215</ele>
        <time>2026-05-12T01:06:57.949Z</time>
      </trkpt>
      <trkpt lat="48.516927" lon="1.711314">
        <ele>116.742698</ele>
        <time>2026-05-12T01:07:00.345Z</time>
      </trkpt>
      <trkpt lat="48.516996" lon="1.711130">
        <ele>116.639917</ele>
        <time>2026-05-12T01:07:01.994Z</time>
      </trkpt>
      <trkpt lat="48.517578" lon="1.710178">
        <ele>115.978779</ele>
        <time>2026-05-12T01:07:12.363Z</time>
      </trkpt>
      <trkpt lat="48.517656" lon="1.710061">
        <ele>115.892640</ele>
        <time>2026-05-12T01:07:13.743Z</time>
      </trkpt>
      <trkpt lat="48.517764" lon="1.709891">
        <ele>115.770408</ele>
        <time>2026-05-12T01:07:15.763Z</time>
      </trkpt>
      <trkpt lat="48.519133" lon="1.707647">
        <ele>114.584612</ele>
        <time>2026-05-12T01:07:42.200Z</time>
      </trkpt>
      <trkpt lat="48.519161" lon="1.707607">
        <ele>114.568064</ele>
        <time>2026-05-12T01:07:42.712Z</time>
      </trkpt>
      <trkpt lat="48.519217" lon="1.707494">
        <ele>114.527937</ele>
        <time>2026-05-12T01:07:43.949Z</time>
      </trkpt>
      <trkpt lat="48.519259" lon="1.707334">
        <ele>114.479001</ele>
        <time>2026-05-12T01:07:45.466Z</time>
      </trkpt>
      <trkpt lat="48.519373" lon="1.706330">
        <ele>114.336278</ele>
        <time>2026-05-12T01:07:55.024Z</time>
      </trkpt>
      <trkpt lat="48.519380" lon="1.706119">
        <ele>114.360490</ele>
        <time>2026-05-12T01:07:57.144Z</time>
      </trkpt>
      <trkpt lat="48.519207" lon="1.703809">
        <ele>114.618558</ele>
        <time>2026-05-12T01:08:22.212Z</time>
      </trkpt>
      <trkpt lat="48.519206" lon="1.703779">
        <ele>114.620671</ele>
        <time>2026-05-12T01:08:22.526Z</time>
      </trkpt>
      <trkpt lat="48.519094" lon="1.700938">
        <ele>115.000913</ele>
        <time>2026-05-12T01:08:50.338Z</time>
      </trkpt>
      <trkpt lat="48.518999" lon="1.699584">
        <ele>115.798534</ele>
        <time>2026-05-12T01:09:06.517Z</time>
      </trkpt>
      <trkpt lat="48.518989" lon="1.698984">
        <ele>116.150130</ele>
        <time>2026-05-12T01:09:14.391Z</time>
      </trkpt>
      <trkpt lat="48.519100" lon="1.698522">
        <ele>116.464348</ele>
        <time>2026-05-12T01:09:21.174Z</time>
      </trkpt>
      <trkpt lat="48.519387" lon="1.697573">
        <ele>117.390660</ele>
        <time>2026-05-12T01:09:36.446Z</time>
      </trkpt>
      <trkpt lat="48.519591" lon="1.697010">
        <ele>117.960468</ele>
        <time>2026-05-12T01:09:44.900Z</time>
      </trkpt>
      <trkpt lat="48.519795" lon="1.696579">
        <ele>118.430825</ele>
        <time>2026-05-12T01:09:51.662Z</time>
      </trkpt>
      <trkpt lat="48.520128" lon="1.695922">
        <ele>118.980883</ele>
        <time>2026-05-12T01:10:02.021Z</time>
      </trkpt>
      <trkpt lat="48.520302" lon="1.695641">
        <ele>119.150856</ele>
        <time>2026-05-12T01:10:06.666Z</time>
      </trkpt>
      <trkpt lat="48.521081" lon="1.694636">
        <ele>119.834422</ele>
        <time>2026-05-12T01:10:24.083Z</time>
      </trkpt>
      <trkpt lat="48.521610" lon="1.694078">
        <ele>119.899794</ele>
        <time>2026-05-12T01:10:35.096Z</time>
      </trkpt>
      <trkpt lat="48.522005" lon="1.693739">
        <ele>119.788266</ele>
        <time>2026-05-12T01:10:41.757Z</time>
      </trkpt>
      <trkpt lat="48.522430" lon="1.693474">
        <ele>119.675397</ele>
        <time>2026-05-12T01:10:48.383Z</time>
      </trkpt>
      <trkpt lat="48.522565" lon="1.693410">
        <ele>119.640664</ele>
        <time>2026-05-12T01:10:50.342Z</time>
      </trkpt>
      <trkpt lat="48.522919" lon="1.693376">
        <ele>119.534056</ele>
        <time>2026-05-12T01:10:54.887Z</time>
      </trkpt>
      <trkpt lat="48.523199" lon="1.693469">
        <ele>118.990900</ele>
        <time>2026-05-12T01:10:58.054Z</time>
      </trkpt>
      <trkpt lat="48.523656" lon="1.693731">
        <ele>118.064780</ele>
        <time>2026-05-12T01:11:03.294Z</time>
      </trkpt>
      <trkpt lat="48.523622" lon="1.693778">
        <ele>117.977446</ele>
        <time>2026-05-12T01:11:04.046Z</time>
      </trkpt>
      <trkpt lat="48.523656" lon="1.693731">
        <ele>117.890112</ele>
        <time>2026-05-12T01:11:04.751Z</time>
      </trkpt>
      <trkpt lat="48.523721" lon="1.693717">
        <ele>117.765720</ele>
        <time>2026-05-12T01:11:05.460Z</time>
      </trkpt>
      <trkpt lat="48.523763" lon="1.693665">
        <ele>117.662818</ele>
        <time>2026-05-12T01:11:06.076Z</time>
      </trkpt>
      <trkpt lat="48.523867" lon="1.693308">
        <ele>117.173447</ele>
        <time>2026-05-12T01:11:08.901Z</time>
      </trkpt>
      <trkpt lat="48.523884" lon="1.693251">
        <ele>117.095008</ele>
        <time>2026-05-12T01:11:09.366Z</time>
      </trkpt>
      <trkpt lat="48.523975" lon="1.692934">
        <ele>116.661490</ele>
        <time>2026-05-12T01:11:11.829Z</time>
      </trkpt>
      <trkpt lat="48.524173" lon="1.691986">
        <ele>115.694191</ele>
        <time>2026-05-12T01:11:18.926Z</time>
      </trkpt>
      <trkpt lat="48.524290" lon="1.691679">
        <ele>115.419119</ele>
        <time>2026-05-12T01:11:21.644Z</time>
      </trkpt>
      <trkpt lat="48.523586" lon="1.690888">
        <ele>114.390137</ele>
        <time>2026-05-12T01:11:32.691Z</time>
      </trkpt>
      <trkpt lat="48.523366" lon="1.690398">
        <ele>114.014043</ele>
        <time>2026-05-12T01:11:37.764Z</time>
      </trkpt>
      <trkpt lat="48.523299" lon="1.690118">
        <ele>113.959539</ele>
        <time>2026-05-12T01:11:40.374Z</time>
      </trkpt>
      <trkpt lat="48.523229" lon="1.689653">
        <ele>113.872237</ele>
        <time>2026-05-12T01:11:44.648Z</time>
      </trkpt>
      <trkpt lat="48.523240" lon="1.689236">
        <ele>113.795833</ele>
        <time>2026-05-12T01:11:48.479Z</time>
      </trkpt>
      <trkpt lat="48.523417" lon="1.687863">
        <ele>113.547608</ele>
        <time>2026-05-12T01:12:01.749Z</time>
      </trkpt>
      <trkpt lat="48.523372" lon="1.687805">
        <ele>113.575380</ele>
        <time>2026-05-12T01:12:02.621Z</time>
      </trkpt>
      <trkpt lat="48.523017" lon="1.687788">
        <ele>113.742102</ele>
        <time>2026-05-12T01:12:08.005Z</time>
      </trkpt>
      <trkpt lat="48.522735" lon="1.687602">
        <ele>113.886553</ele>
        <time>2026-05-12T01:12:12.806Z</time>
      </trkpt>
      <trkpt lat="48.522608" lon="1.687519">
        <ele>113.951512</ele>
        <time>2026-05-12T01:12:15.009Z</time>
      </trkpt>
      <trkpt lat="48.522575" lon="1.687498">
        <ele>113.968322</ele>
        <time>2026-05-12T01:12:15.592Z</time>
      </trkpt>
      <trkpt lat="48.521291" lon="1.686694">
        <ele>115.077460</ele>
        <time>2026-05-12T01:12:40.656Z</time>
      </trkpt>
      <trkpt lat="48.521076" lon="1.686522">
        <ele>115.414690</ele>
        <time>2026-05-12T01:12:45.655Z</time>
      </trkpt>
      <trkpt lat="48.521003" lon="1.686465">
        <ele>115.528596</ele>
        <time>2026-05-12T01:12:47.328Z</time>
      </trkpt>
      <trkpt lat="48.520508" lon="1.686065">
        <ele>116.306739</ele>
        <time>2026-05-12T01:12:59.220Z</time>
      </trkpt>
      <trkpt lat="48.520075" lon="1.685723">
        <ele>117.014988</ele>
        <time>2026-05-12T01:13:10.104Z</time>
      </trkpt>
      <trkpt lat="48.519904" lon="1.685619">
        <ele>117.346406</ele>
        <time>2026-05-12T01:13:14.361Z</time>
      </trkpt>
      <trkpt lat="48.519881" lon="1.685609">
        <ele>117.389435</ele>
        <time>2026-05-12T01:13:14.896Z</time>
      </trkpt>
      <trkpt lat="48.518662" lon="1.684737">
        <ele>119.814420</ele>
        <time>2026-05-12T01:13:44.135Z</time>
      </trkpt>
      <trkpt lat="48.518807" lon="1.684154">
        <ele>120.621588</ele>
        <time>2026-05-12T01:13:53.132Z</time>
      </trkpt>
      <trkpt lat="48.518837" lon="1.683926">
        <ele>120.939420</ele>
        <time>2026-05-12T01:13:56.530Z</time>
      </trkpt>
      <trkpt lat="48.518924" lon="1.683307">
        <ele>121.804613</ele>
        <time>2026-05-12T01:14:06.359Z</time>
      </trkpt>
      <trkpt lat="48.519023" lon="1.683057">
        <ele>122.202864</ele>
        <time>2026-05-12T01:14:11.125Z</time>
      </trkpt>
      <trkpt lat="48.519177" lon="1.682761">
        <ele>122.717498</ele>
        <time>2026-05-12T01:14:17.211Z</time>
      </trkpt>
      <trkpt lat="48.519228" lon="1.682586">
        <ele>122.978907</ele>
        <time>2026-05-12T01:14:20.210Z</time>
      </trkpt>
      <trkpt lat="48.519222" lon="1.682497">
        <ele>123.101223</ele>
        <time>2026-05-12T01:14:21.560Z</time>
      </trkpt>
      <trkpt lat="48.519163" lon="1.682398">
        <ele>123.283308</ele>
        <time>2026-05-12T01:14:23.610Z</time>
      </trkpt>
      <trkpt lat="48.518948" lon="1.682181">
        <ele>123.817158</ele>
        <time>2026-05-12T01:14:29.308Z</time>
      </trkpt>
      <trkpt lat="48.518857" lon="1.682099">
        <ele>124.119298</ele>
        <time>2026-05-12T01:14:31.710Z</time>
      </trkpt>
      <trkpt lat="48.518729" lon="1.682058">
        <ele>124.496732</ele>
        <time>2026-05-12T01:14:34.774Z</time>
      </trkpt>
      <trkpt lat="48.518645" lon="1.682066">
        <ele>124.739512</ele>
        <time>2026-05-12T01:14:36.720Z</time>
      </trkpt>
      <trkpt lat="48.518498" lon="1.682156">
        <ele>125.197074</ele>
        <time>2026-05-12T01:14:40.535Z</time>
      </trkpt>
      <trkpt lat="48.518020" lon="1.682669">
        <ele>126.888752</ele>
        <time>2026-05-12T01:14:55.189Z</time>
      </trkpt>
      <trkpt lat="48.517384" lon="1.680308">
        <ele>131.947906</ele>
        <time>2026-05-12T01:15:45.056Z</time>
      </trkpt>
      <trkpt lat="48.517170" lon="1.679380">
        <ele>133.954913</ele>
        <time>2026-05-12T01:16:02.655Z</time>
      </trkpt>
      <trkpt lat="48.517100" lon="1.678976">
        <ele>134.653978</ele>
        <time>2026-05-12T01:16:09.068Z</time>
      </trkpt>
      <trkpt lat="48.516896" lon="1.676586">
        <ele>136.515574</ele>
        <time>2026-05-12T01:16:38.383Z</time>
      </trkpt>
      <trkpt lat="48.516777" lon="1.675807">
        <ele>137.180290</ele>
        <time>2026-05-12T01:16:48.181Z</time>
      </trkpt>
      <trkpt lat="48.515994" lon="1.672595">
        <ele>140.330364</ele>
        <time>2026-05-12T01:17:34.878Z</time>
      </trkpt>
      <trkpt lat="48.515814" lon="1.672098">
        <ele>140.915780</ele>
        <time>2026-05-12T01:17:42.924Z</time>
      </trkpt>
      <trkpt lat="48.515572" lon="1.671673">
        <ele>141.495001</ele>
        <time>2026-05-12T01:17:50.962Z</time>
      </trkpt>
      <trkpt lat="48.514244" lon="1.669944">
        <ele>144.166027</ele>
        <time>2026-05-12T01:18:28.413Z</time>
      </trkpt>
      <trkpt lat="48.513986" lon="1.669569">
        <ele>144.592853</ele>
        <time>2026-05-12T01:18:35.520Z</time>
      </trkpt>
      <trkpt lat="48.513784" lon="1.669238">
        <ele>144.790463</ele>
        <time>2026-05-12T01:18:41.216Z</time>
      </trkpt>
      <trkpt lat="48.513436" lon="1.668559">
        <ele>145.167417</ele>
        <time>2026-05-12T01:18:51.296Z</time>
      </trkpt>
      <trkpt lat="48.513261" lon="1.668168">
        <ele>145.374613</ele>
        <time>2026-05-12T01:18:56.514Z</time>
      </trkpt>
      <trkpt lat="48.512186" lon="1.665469">
        <ele>145.661841</ele>
        <time>2026-05-12T01:19:27.764Z</time>
      </trkpt>
      <trkpt lat="48.510541" lon="1.661778">
        <ele>144.735693</ele>
        <time>2026-05-12T01:20:07.592Z</time>
      </trkpt>
      <trkpt lat="48.510344" lon="1.661425">
        <ele>144.654693</ele>
        <time>2026-05-12T01:20:11.891Z</time>
      </trkpt>
      <trkpt lat="48.509298" lon="1.659835">
        <ele>144.552771</ele>
        <time>2026-05-12T01:20:33.730Z</time>
      </trkpt>
      <trkpt lat="48.509079" lon="1.659452">
        <ele>144.567280</ele>
        <time>2026-05-12T01:20:38.747Z</time>
      </trkpt>
      <trkpt lat="48.508904" lon="1.659015">
        <ele>144.581923</ele>
        <time>2026-05-12T01:20:43.796Z</time>
      </trkpt>
      <trkpt lat="48.508819" lon="1.658733">
        <ele>144.608147</ele>
        <time>2026-05-12T01:20:46.968Z</time>
      </trkpt>
      <trkpt lat="48.508585" lon="1.657748">
        <ele>145.112326</ele>
        <time>2026-05-12T01:20:58.254Z</time>
      </trkpt>
      <trkpt lat="48.508554" lon="1.657621">
        <ele>145.177538</ele>
        <time>2026-05-12T01:20:59.761Z</time>
      </trkpt>
      <trkpt lat="48.508491" lon="1.657447">
        <ele>145.273078</ele>
        <time>2026-05-12T01:21:02.012Z</time>
      </trkpt>
      <trkpt lat="48.508328" lon="1.657147">
        <ele>145.460017</ele>
        <time>2026-05-12T01:21:06.522Z</time>
      </trkpt>
      <trkpt lat="48.507548" lon="1.656138">
        <ele>146.611291</ele>
        <time>2026-05-12T01:21:26.986Z</time>
      </trkpt>
      <trkpt lat="48.507423" lon="1.655908">
        <ele>146.941932</ele>
        <time>2026-05-12T01:21:31.274Z</time>
      </trkpt>
      <trkpt lat="48.507159" lon="1.655129">
        <ele>147.914456</ele>
        <time>2026-05-12T01:21:44.348Z</time>
      </trkpt>
      <trkpt lat="48.506662" lon="1.653923">
        <ele>149.253127</ele>
        <time>2026-05-12T01:22:05.601Z</time>
      </trkpt>
      <trkpt lat="48.505653" lon="1.652268">
        <ele>150.655641</ele>
        <time>2026-05-12T01:22:33.290Z</time>
      </trkpt>
      <trkpt lat="48.504178" lon="1.647011">
        <ele>147.313464</ele>
        <time>2026-05-12T01:23:20.101Z</time>
      </trkpt>
      <trkpt lat="48.503037" lon="1.643341">
        <ele>143.209333</ele>
        <time>2026-05-12T01:23:49.932Z</time>
      </trkpt>
      <trkpt lat="48.502823" lon="1.642714">
        <ele>142.596314</ele>
        <time>2026-05-12T01:23:55.487Z</time>
      </trkpt>
      <trkpt lat="48.502786" lon="1.642616">
        <ele>142.498277</ele>
        <time>2026-05-12T01:23:56.419Z</time>
      </trkpt>
      <trkpt lat="48.502088" lon="1.640758">
        <ele>143.157166</ele>
        <time>2026-05-12T01:24:20.951Z</time>
      </trkpt>
      <trkpt lat="48.501103" lon="1.637222">
        <ele>145.864769</ele>
        <time>2026-05-12T01:25:11.804Z</time>
      </trkpt>
      <trkpt lat="48.500870" lon="1.636023">
        <ele>146.376297</ele>
        <time>2026-05-12T01:25:25.919Z</time>
      </trkpt>
      <trkpt lat="48.500569" lon="1.634256">
        <ele>147.000973</ele>
        <time>2026-05-12T01:25:45.292Z</time>
      </trkpt>
      <trkpt lat="48.500522" lon="1.634025">
        <ele>147.056367</ele>
        <time>2026-05-12T01:25:47.890Z</time>
      </trkpt>
      <trkpt lat="48.500473" lon="1.633824">
        <ele>147.105462</ele>
        <time>2026-05-12T01:25:50.198Z</time>
      </trkpt>
      <trkpt lat="48.499694" lon="1.631055">
        <ele>147.744323</ele>
        <time>2026-05-12T01:26:22.772Z</time>
      </trkpt>
      <trkpt lat="48.498263" lon="1.625478">
        <ele>148.319328</ele>
        <time>2026-05-12T01:27:25.191Z</time>
      </trkpt>
      <trkpt lat="48.497748" lon="1.623406">
        <ele>147.779869</ele>
        <time>2026-05-12T01:27:43.658Z</time>
      </trkpt>
      <trkpt lat="48.497553" lon="1.622216">
        <ele>147.358017</ele>
        <time>2026-05-12T01:27:54.425Z</time>
      </trkpt>
      <trkpt lat="48.497450" lon="1.621269">
        <ele>147.546129</ele>
        <time>2026-05-12T01:28:04.496Z</time>
      </trkpt>
      <trkpt lat="48.497397" lon="1.619781">
        <ele>147.846764</ele>
        <time>2026-05-12T01:28:21.291Z</time>
      </trkpt>
      <trkpt lat="48.497351" lon="1.619280">
        <ele>147.978570</ele>
        <time>2026-05-12T01:28:26.824Z</time>
      </trkpt>
      <trkpt lat="48.497103" lon="1.618119">
        <ele>148.381692</ele>
        <time>2026-05-12T01:28:39.741Z</time>
      </trkpt>
      <trkpt lat="48.496286" lon="1.614976">
        <ele>150.045257</ele>
        <time>2026-05-12T01:29:19.301Z</time>
      </trkpt>
      <trkpt lat="48.495635" lon="1.612676">
        <ele>151.767868</ele>
        <time>2026-05-12T01:29:53.048Z</time>
      </trkpt>
      <trkpt lat="48.495225" lon="1.611459">
        <ele>152.228541</ele>
        <time>2026-05-12T01:30:08.834Z</time>
      </trkpt>
      <trkpt lat="48.494746" lon="1.610208">
        <ele>151.898325</ele>
        <time>2026-05-12T01:30:21.839Z</time>
      </trkpt>
      <trkpt lat="48.493497" lon="1.607266">
        <ele>149.384504</ele>
        <time>2026-05-12T01:30:49.124Z</time>
      </trkpt>
      <trkpt lat="48.493237" lon="1.606506">
        <ele>148.751117</ele>
        <time>2026-05-12T01:30:55.694Z</time>
      </trkpt>
      <trkpt lat="48.493105" lon="1.605992">
        <ele>148.342891</ele>
        <time>2026-05-12T01:30:59.996Z</time>
      </trkpt>
      <trkpt lat="48.492923" lon="1.604950">
        <ele>147.544879</ele>
        <time>2026-05-12T01:31:08.717Z</time>
      </trkpt>
      <trkpt lat="48.492646" lon="1.602405">
        <ele>146.608858</ele>
        <time>2026-05-12T01:31:31.435Z</time>
      </trkpt>
      <trkpt lat="48.492179" lon="1.599342">
        <ele>146.164481</ele>
        <time>2026-05-12T01:32:00.614Z</time>
      </trkpt>
      <trkpt lat="48.491931" lon="1.598223">
        <ele>146.062961</ele>
        <time>2026-05-12T01:32:12.954Z</time>
      </trkpt>
      <trkpt lat="48.491783" lon="1.597759">
        <ele>146.018655</ele>
        <time>2026-05-12T01:32:18.133Z</time>
      </trkpt>
      <trkpt lat="48.491504" lon="1.597115">
        <ele>145.952456</ele>
        <time>2026-05-12T01:32:25.235Z</time>
      </trkpt>
      <trkpt lat="48.490400" lon="1.595295">
        <ele>145.106569</ele>
        <time>2026-05-12T01:32:45.793Z</time>
      </trkpt>
      <trkpt lat="48.489291" lon="1.593107">
        <ele>145.120421</ele>
        <time>2026-05-12T01:33:14.309Z</time>
      </trkpt>
      <trkpt lat="48.488496" lon="1.591922">
        <ele>144.786991</ele>
        <time>2026-05-12T01:33:30.678Z</time>
      </trkpt>
      <trkpt lat="48.487846" lon="1.590859">
        <ele>144.398178</ele>
        <time>2026-05-12T01:33:42.912Z</time>
      </trkpt>
      <trkpt lat="48.487573" lon="1.590248">
        <ele>144.110320</ele>
        <time>2026-05-12T01:33:48.963Z</time>
      </trkpt>
      <trkpt lat="48.487374" lon="1.589562">
        <ele>143.817790</ele>
        <time>2026-05-12T01:33:55.331Z</time>
      </trkpt>
      <trkpt lat="48.487335" lon="1.589438">
        <ele>143.764172</ele>
        <time>2026-05-12T01:33:56.516Z</time>
      </trkpt>
      <trkpt lat="48.487013" lon="1.588224">
        <ele>143.240233</ele>
        <time>2026-05-12T01:34:08.209Z</time>
      </trkpt>
      <trkpt lat="48.486699" lon="1.586759">
        <ele>142.572463</ele>
        <time>2026-05-12T01:34:22.040Z</time>
      </trkpt>
      <trkpt lat="48.486525" lon="1.585906">
        <ele>142.178762</ele>
        <time>2026-05-12T01:34:29.411Z</time>
      </trkpt>
      <trkpt lat="48.486429" lon="1.585090">
        <ele>141.583194</ele>
        <time>2026-05-12T01:34:35.748Z</time>
      </trkpt>
      <trkpt lat="48.486419" lon="1.584993">
        <ele>141.512649</ele>
        <time>2026-05-12T01:34:36.495Z</time>
      </trkpt>
      <trkpt lat="48.486350" lon="1.584475">
        <ele>141.132955</ele>
        <time>2026-05-12T01:34:40.454Z</time>
      </trkpt>
      <trkpt lat="48.486386" lon="1.584266">
        <ele>140.977772</ele>
        <time>2026-05-12T01:34:42.106Z</time>
      </trkpt>
      <trkpt lat="48.486445" lon="1.583352">
        <ele>140.317836</ele>
        <time>2026-05-12T01:34:49.520Z</time>
      </trkpt>
      <trkpt lat="48.486392" lon="1.583170">
        <ele>140.286826</ele>
        <time>2026-05-12T01:34:51.239Z</time>
      </trkpt>
      <trkpt lat="48.486584" lon="1.582939">
        <ele>140.443941</ele>
        <time>2026-05-12T01:34:54.796Z</time>
      </trkpt>
      <trkpt lat="48.487250" lon="1.581871">
        <ele>141.065766</ele>
        <time>2026-05-12T01:35:13.093Z</time>
      </trkpt>
      <trkpt lat="48.487652" lon="1.581186">
        <ele>141.397073</ele>
        <time>2026-05-12T01:35:25.029Z</time>
      </trkpt>
      <trkpt lat="48.487708" lon="1.581005">
        <ele>141.398536</ele>
        <time>2026-05-12T01:35:27.446Z</time>
      </trkpt>
      <trkpt lat="48.487742" lon="1.580817">
        <ele>141.399963</ele>
        <time>2026-05-12T01:35:29.712Z</time>
      </trkpt>
      <trkpt lat="48.487809" lon="1.579978">
        <ele>141.406150</ele>
        <time>2026-05-12T01:35:38.755Z</time>
      </trkpt>
      <trkpt lat="48.487803" lon="1.579830">
        <ele>141.407236</ele>
        <time>2026-05-12T01:35:40.171Z</time>
      </trkpt>
      <trkpt lat="48.487791" lon="1.579711">
        <ele>141.408117</ele>
        <time>2026-05-12T01:35:41.295Z</time>
      </trkpt>
      <trkpt lat="48.487604" lon="1.579192">
        <ele>141.412443</ele>
        <time>2026-05-12T01:35:46.464Z</time>
      </trkpt>
      <trkpt lat="48.487591" lon="1.578767">
        <ele>141.415558</ele>
        <time>2026-05-12T01:35:50.022Z</time>
      </trkpt>
      <trkpt lat="48.487671" lon="1.577839">
        <ele>140.761374</ele>
        <time>2026-05-12T01:35:57.496Z</time>
      </trkpt>
      <trkpt lat="48.487665" lon="1.577311">
        <ele>140.369702</ele>
        <time>2026-05-12T01:36:01.662Z</time>
      </trkpt>
      <trkpt lat="48.487409" lon="1.576322">
        <ele>139.582207</ele>
        <time>2026-05-12T01:36:10.119Z</time>
      </trkpt>
      <trkpt lat="48.487404" lon="1.576236">
        <ele>139.518176</ele>
        <time>2026-05-12T01:36:10.798Z</time>
      </trkpt>
      <trkpt lat="48.487470" lon="1.576065">
        <ele>139.369628</ele>
        <time>2026-05-12T01:36:12.342Z</time>
      </trkpt>
      <trkpt lat="48.487764" lon="1.575855">
        <ele>138.985202</ele>
        <time>2026-05-12T01:36:16.180Z</time>
      </trkpt>
      <trkpt lat="48.487821" lon="1.575767">
        <ele>138.888822</ele>
        <time>2026-05-12T01:36:17.146Z</time>
      </trkpt>
      <trkpt lat="48.487879" lon="1.575587">
        <ele>138.732051</ele>
        <time>2026-05-12T01:36:18.713Z</time>
      </trkpt>
      <trkpt lat="48.487954" lon="1.574952">
        <ele>138.226829</ele>
        <time>2026-05-12T01:36:23.808Z</time>
      </trkpt>
      <trkpt lat="48.488100" lon="1.574167">
        <ele>137.588200</ele>
        <time>2026-05-12T01:36:30.252Z</time>
      </trkpt>
      <trkpt lat="48.488434" lon="1.572898">
        <ele>136.870838</ele>
        <time>2026-05-12T01:36:41.030Z</time>
      </trkpt>
      <trkpt lat="48.488609" lon="1.572126">
        <ele>136.528343</ele>
        <time>2026-05-12T01:36:48.051Z</time>
      </trkpt>
      <trkpt lat="48.488793" lon="1.571574">
        <ele>136.268974</ele>
        <time>2026-05-12T01:36:53.741Z</time>
      </trkpt>
      <trkpt lat="48.489663" lon="1.569849">
        <ele>136.762728</ele>
        <time>2026-05-12T01:37:16.595Z</time>
      </trkpt>
      <trkpt lat="48.490243" lon="1.568499">
        <ele>137.907506</ele>
        <time>2026-05-12T01:37:36.892Z</time>
      </trkpt>
      <trkpt lat="48.490605" lon="1.567066">
        <ele>139.655429</ele>
        <time>2026-05-12T01:37:59.651Z</time>
      </trkpt>
      <trkpt lat="48.490819" lon="1.565802">
        <ele>141.314720</ele>
        <time>2026-05-12T01:38:20.269Z</time>
      </trkpt>
      <trkpt lat="48.490969" lon="1.564638">
        <ele>142.899690</ele>
        <time>2026-05-12T01:38:38.360Z</time>
      </trkpt>
      <trkpt lat="48.491080" lon="1.563577">
        <ele>144.118312</ele>
        <time>2026-05-12T01:38:54.354Z</time>
      </trkpt>
      <trkpt lat="48.491207" lon="1.561925">
        <ele>145.484689</ele>
        <time>2026-05-12T01:39:16.556Z</time>
      </trkpt>
      <trkpt lat="48.491356" lon="1.560987">
        <ele>146.104326</ele>
        <time>2026-05-12T01:39:27.427Z</time>
      </trkpt>
      <trkpt lat="48.491544" lon="1.560100">
        <ele>146.389236</ele>
        <time>2026-05-12T01:39:37.903Z</time>
      </trkpt>
      <trkpt lat="48.491605" lon="1.559914">
        <ele>146.452728</ele>
        <time>2026-05-12T01:39:40.264Z</time>
      </trkpt>
      <trkpt lat="48.491780" lon="1.559380">
        <ele>146.634982</ele>
        <time>2026-05-12T01:39:46.873Z</time>
      </trkpt>
      <trkpt lat="48.491867" lon="1.559211">
        <ele>146.700452</ele>
        <time>2026-05-12T01:39:49.185Z</time>
      </trkpt>
      <trkpt lat="48.492113" lon="1.558733">
        <ele>146.777918</ele>
        <time>2026-05-12T01:39:55.498Z</time>
      </trkpt>
      <trkpt lat="48.492235" lon="1.558665">
        <ele>146.717133</ele>
        <time>2026-05-12T01:39:57.460Z</time>
      </trkpt>
      <trkpt lat="48.492262" lon="1.558613">
        <ele>146.696672</ele>
        <time>2026-05-12T01:39:58.121Z</time>
      </trkpt>
      <trkpt lat="48.492611" lon="1.558234">
        <ele>146.495710</ele>
        <time>2026-05-12T01:40:04.346Z</time>
      </trkpt>
      <trkpt lat="48.492958" lon="1.557804">
        <ele>146.285854</ele>
        <time>2026-05-12T01:40:10.258Z</time>
      </trkpt>
      <trkpt lat="48.493601" lon="1.556935">
        <ele>145.763238</ele>
        <time>2026-05-12T01:40:20.718Z</time>
      </trkpt>
      <trkpt lat="48.493967" lon="1.556399">
        <ele>145.264316</ele>
        <time>2026-05-12T01:40:26.677Z</time>
      </trkpt>
      <trkpt lat="48.494407" lon="1.555681">
        <ele>144.630353</ele>
        <time>2026-05-12T01:40:34.472Z</time>
      </trkpt>
      <trkpt lat="48.494686" lon="1.555172">
        <ele>144.222699</ele>
        <time>2026-05-12T01:40:40.347Z</time>
      </trkpt>
      <trkpt lat="48.494723" lon="1.555075">
        <ele>144.200122</ele>
        <time>2026-05-12T01:40:41.336Z</time>
      </trkpt>
      <trkpt lat="48.494716" lon="1.554920">
        <ele>144.168782</ele>
        <time>2026-05-12T01:40:42.844Z</time>
      </trkpt>
      <trkpt lat="48.494613" lon="1.554507">
        <ele>144.079767</ele>
        <time>2026-05-12T01:40:47.003Z</time>
      </trkpt>
      <trkpt lat="48.494542" lon="1.553992">
        <ele>143.973656</ele>
        <time>2026-05-12T01:40:51.994Z</time>
      </trkpt>
      <trkpt lat="48.494485" lon="1.553338">
        <ele>143.840594</ele>
        <time>2026-05-12T01:40:58.883Z</time>
      </trkpt>
      <trkpt lat="48.494532" lon="1.552062">
        <ele>143.338502</ele>
        <time>2026-05-12T01:41:09.911Z</time>
      </trkpt>
      <trkpt lat="48.494542" lon="1.550427">
        <ele>142.216242</ele>
        <time>2026-05-12T01:41:22.442Z</time>
      </trkpt>
      <trkpt lat="48.494514" lon="1.549800">
        <ele>141.831423</ele>
        <time>2026-05-12T01:41:27.562Z</time>
      </trkpt>
      <trkpt lat="48.494407" lon="1.549140">
        <ele>141.956673</ele>
        <time>2026-05-12T01:41:33.676Z</time>
      </trkpt>
      <trkpt lat="48.494208" lon="1.548518">
        <ele>142.083994</ele>
        <time>2026-05-12T01:41:40.953Z</time>
      </trkpt>
      <trkpt lat="48.493768" lon="1.547516">
        <ele>142.305572</ele>
        <time>2026-05-12T01:41:55.439Z</time>
      </trkpt>
      <trkpt lat="48.493611" lon="1.547044">
        <ele>142.601869</ele>
        <time>2026-05-12T01:42:01.930Z</time>
      </trkpt>
      <trkpt lat="48.493270" lon="1.545505">
        <ele>143.635432</ele>
        <time>2026-05-12T01:42:21.876Z</time>
      </trkpt>
      <trkpt lat="48.492961" lon="1.543506">
        <ele>144.525860</ele>
        <time>2026-05-12T01:42:47.773Z</time>
      </trkpt>
      <trkpt lat="48.492798" lon="1.542873">
        <ele>144.756269</ele>
        <time>2026-05-12T01:42:55.886Z</time>
      </trkpt>
      <trkpt lat="48.492570" lon="1.542251">
        <ele>144.856025</ele>
        <time>2026-05-12T01:43:02.544Z</time>
      </trkpt>
      <trkpt lat="48.492290" lon="1.541356">
        <ele>143.367951</ele>
        <time>2026-05-12T01:43:10.174Z</time>
      </trkpt>
      <trkpt lat="48.492179" lon="1.541131">
        <ele>142.946211</ele>
        <time>2026-05-12T01:43:12.158Z</time>
      </trkpt>
      <trkpt lat="48.492069" lon="1.541002">
        <ele>142.630140</ele>
        <time>2026-05-12T01:43:13.621Z</time>
      </trkpt>
      <trkpt lat="48.491654" lon="1.540665">
        <ele>141.560925</ele>
        <time>2026-05-12T01:43:18.435Z</time>
      </trkpt>
      <trkpt lat="48.490918" lon="1.539984">
        <ele>137.936834</ele>
        <time>2026-05-12T01:43:26.968Z</time>
      </trkpt>
      <trkpt lat="48.490417" lon="1.539604">
        <ele>135.020488</ele>
        <time>2026-05-12T01:43:32.260Z</time>
      </trkpt>
      <trkpt lat="48.490094" lon="1.539362">
        <ele>133.144891</ele>
        <time>2026-05-12T01:43:35.601Z</time>
      </trkpt>
      <trkpt lat="48.489746" lon="1.538976">
        <ele>130.760353</ele>
        <time>2026-05-12T01:43:39.458Z</time>
      </trkpt>
      <trkpt lat="48.489420" lon="1.538502">
        <ele>127.895403</ele>
        <time>2026-05-12T01:43:43.448Z</time>
      </trkpt>
      <trkpt lat="48.489370" lon="1.538370">
        <ele>127.257749</ele>
        <time>2026-05-12T01:43:44.343Z</time>
      </trkpt>
      <trkpt lat="48.489370" lon="1.538254">
        <ele>126.771238</ele>
        <time>2026-05-12T01:43:45.025Z</time>
      </trkpt>
      <trkpt lat="48.489443" lon="1.537925">
        <ele>125.316120</ele>
        <time>2026-05-12T01:43:47.085Z</time>
      </trkpt>
      <trkpt lat="48.489439" lon="1.537753">
        <ele>124.594300</ele>
        <time>2026-05-12T01:43:48.119Z</time>
      </trkpt>
      <trkpt lat="48.488847" lon="1.536892">
        <ele>119.946599</ele>
        <time>2026-05-12T01:43:55.773Z</time>
      </trkpt>
      <trkpt lat="48.488804" lon="1.536740">
        <ele>119.758185</ele>
        <time>2026-05-12T01:43:56.851Z</time>
      </trkpt>
      <trkpt lat="48.488591" lon="1.536602">
        <ele>119.359443</ele>
        <time>2026-05-12T01:43:59.297Z</time>
      </trkpt>
      <trkpt lat="48.488502" lon="1.536441">
        <ele>119.120427</ele>
        <time>2026-05-12T01:44:00.812Z</time>
      </trkpt>
      <trkpt lat="48.488375" lon="1.536110">
        <ele>118.684393</ele>
        <time>2026-05-12T01:44:03.711Z</time>
      </trkpt>
      <trkpt lat="48.488337" lon="1.536002">
        <ele>118.544990</ele>
        <time>2026-05-12T01:44:04.704Z</time>
      </trkpt>
      <trkpt lat="48.488011" lon="1.535072">
        <ele>117.345562</ele>
        <time>2026-05-12T01:44:14.113Z</time>
      </trkpt>
      <trkpt lat="48.487709" lon="1.534284">
        <ele>116.967071</ele>
        <time>2026-05-12T01:44:23.125Z</time>
      </trkpt>
      <trkpt lat="48.487627" lon="1.533941">
        <ele>116.915676</ele>
        <time>2026-05-12T01:44:26.666Z</time>
      </trkpt>
      <trkpt lat="48.487612" lon="1.533444">
        <ele>116.845552</ele>
        <time>2026-05-12T01:44:31.417Z</time>
      </trkpt>
      <trkpt lat="48.487583" lon="1.533315">
        <ele>116.826353</ele>
        <time>2026-05-12T01:44:32.702Z</time>
      </trkpt>
      <trkpt lat="48.487521" lon="1.533090">
        <ele>116.792007</ele>
        <time>2026-05-12T01:44:34.999Z</time>
      </trkpt>
      <trkpt lat="48.487069" lon="1.532160">
        <ele>116.641522</ele>
        <time>2026-05-12T01:44:45.387Z</time>
      </trkpt>
      <trkpt lat="48.487008" lon="1.531727">
        <ele>116.594773</ele>
        <time>2026-05-12T01:44:49.319Z</time>
      </trkpt>
      <trkpt lat="48.486968" lon="1.531064">
        <ele>116.524466</ele>
        <time>2026-05-12T01:44:55.308Z</time>
      </trkpt>
      <trkpt lat="48.486930" lon="1.530235">
        <ele>116.436709</ele>
        <time>2026-05-12T01:45:03.115Z</time>
      </trkpt>
      <trkpt lat="48.486955" lon="1.530115">
        <ele>116.423425</ele>
        <time>2026-05-12T01:45:04.371Z</time>
      </trkpt>
      <trkpt lat="48.486787" lon="1.529577">
        <ele>116.535472</ele>
        <time>2026-05-12T01:45:10.641Z</time>
      </trkpt>
      <trkpt lat="48.486620" lon="1.529176">
        <ele>116.773475</ele>
        <time>2026-05-12T01:45:16.149Z</time>
      </trkpt>
      <trkpt lat="48.486446" lon="1.528835">
        <ele>116.989748</ele>
        <time>2026-05-12T01:45:21.161Z</time>
      </trkpt>
      <trkpt lat="48.486277" lon="1.528551">
        <ele>117.181557</ele>
        <time>2026-05-12T01:45:25.518Z</time>
      </trkpt>
      <trkpt lat="48.485917" lon="1.527948">
        <ele>117.589410</ele>
        <time>2026-05-12T01:45:35.319Z</time>
      </trkpt>
      <trkpt lat="48.485741" lon="1.527643">
        <ele>117.821951</ele>
        <time>2026-05-12T01:45:40.803Z</time>
      </trkpt>
      <trkpt lat="48.485541" lon="1.527192">
        <ele>118.305701</ele>
        <time>2026-05-12T01:45:48.317Z</time>
      </trkpt>
      <trkpt lat="48.485506" lon="1.527024">
        <ele>118.462695</ele>
        <time>2026-05-12T01:45:50.720Z</time>
      </trkpt>
      <trkpt lat="48.485523" lon="1.526901">
        <ele>118.574707</ele>
        <time>2026-05-12T01:45:52.417Z</time>
      </trkpt>
      <trkpt lat="48.485638" lon="1.526927">
        <ele>118.731110</ele>
        <time>2026-05-12T01:45:54.801Z</time>
      </trkpt>
      <trkpt lat="48.485719" lon="1.526908">
        <ele>118.841365</ele>
        <time>2026-05-12T01:45:56.465Z</time>
      </trkpt>
      <trkpt lat="48.485998" lon="1.526787">
        <ele>119.231820</ele>
        <time>2026-05-12T01:46:02.365Z</time>
      </trkpt>
      <trkpt lat="48.486710" lon="1.526445">
        <ele>120.178543</ele>
        <time>2026-05-12T01:46:17.950Z</time>
      </trkpt>
      <trkpt lat="48.486969" lon="1.526362">
        <ele>120.204452</ele>
        <time>2026-05-12T01:46:23.141Z</time>
      </trkpt>
      <trkpt lat="48.487012" lon="1.526458">
        <ele>120.211967</ele>
        <time>2026-05-12T01:46:24.524Z</time>
      </trkpt>
      <trkpt lat="48.487087" lon="1.526479">
        <ele>120.219431</ele>
        <time>2026-05-12T01:46:25.912Z</time>
      </trkpt>
      <trkpt lat="48.487133" lon="1.526443">
        <ele>120.224502</ele>
        <time>2026-05-12T01:46:26.819Z</time>
      </trkpt>
      <trkpt lat="48.487165" lon="1.526324">
        <ele>120.232830</ele>
        <time>2026-05-12T01:46:28.288Z</time>
      </trkpt>
      <trkpt lat="48.487144" lon="1.526243">
        <ele>120.238471</ele>
        <time>2026-05-12T01:46:29.258Z</time>
      </trkpt>
      <trkpt lat="48.487097" lon="1.526192">
        <ele>120.244136</ele>
        <time>2026-05-12T01:46:30.196Z</time>
      </trkpt>
      <trkpt lat="48.487068" lon="1.525963">
        <ele>120.259257</ele>
        <time>2026-05-12T01:46:32.652Z</time>
      </trkpt>
      <trkpt lat="48.486668" lon="1.524677">
        <ele>120.338362</ele>
        <time>2026-05-12T01:46:44.859Z</time>
      </trkpt>
      <trkpt lat="48.486499" lon="1.523883">
        <ele>119.895510</ele>
        <time>2026-05-12T01:46:51.740Z</time>
      </trkpt>
      <trkpt lat="48.486460" lon="1.523568">
        <ele>119.725339</ele>
        <time>2026-05-12T01:46:54.373Z</time>
      </trkpt>
      <trkpt lat="48.486475" lon="1.523243">
        <ele>119.552333</ele>
        <time>2026-05-12T01:46:57.047Z</time>
      </trkpt>
      <trkpt lat="48.486557" lon="1.522840">
        <ele>119.328467</ele>
        <time>2026-05-12T01:47:00.496Z</time>
      </trkpt>
      <trkpt lat="48.486705" lon="1.522425">
        <ele>119.078210</ele>
        <time>2026-05-12T01:47:04.408Z</time>
      </trkpt>
      <trkpt lat="48.486883" lon="1.522021">
        <ele>118.852210</ele>
        <time>2026-05-12T01:47:08.560Z</time>
      </trkpt>
      <trkpt lat="48.486987" lon="1.521663">
        <ele>118.718975</ele>
        <time>2026-05-12T01:47:11.957Z</time>
      </trkpt>
      <trkpt lat="48.487072" lon="1.521192">
        <ele>118.552584</ele>
        <time>2026-05-12T01:47:16.158Z</time>
      </trkpt>
      <trkpt lat="48.487195" lon="1.520215">
        <ele>118.213608</ele>
        <time>2026-05-12T01:47:24.690Z</time>
      </trkpt>
      <trkpt lat="48.487278" lon="1.519814">
        <ele>118.070413</ele>
        <time>2026-05-12T01:47:28.369Z</time>
      </trkpt>
      <trkpt lat="48.487399" lon="1.519326">
        <ele>118.057734</ele>
        <time>2026-05-12T01:47:33.138Z</time>
      </trkpt>
      <trkpt lat="48.487923" lon="1.518026">
        <ele>118.478475</ele>
        <time>2026-05-12T01:47:49.689Z</time>
      </trkpt>
      <trkpt lat="48.488000" lon="1.517784">
        <ele>118.552706</ele>
        <time>2026-05-12T01:47:53.006Z</time>
      </trkpt>
      <trkpt lat="48.488251" lon="1.516326">
        <ele>118.918415</ele>
        <time>2026-05-12T01:48:11.056Z</time>
      </trkpt>
      <trkpt lat="48.488261" lon="1.515955">
        <ele>118.998873</ele>
        <time>2026-05-12T01:48:15.246Z</time>
      </trkpt>
      <trkpt lat="48.488219" lon="1.515757">
        <ele>119.043922</ele>
        <time>2026-05-12T01:48:17.497Z</time>
      </trkpt>
      <trkpt lat="48.487638" lon="1.514046">
        <ele>119.302946</ele>
        <time>2026-05-12T01:48:36.031Z</time>
      </trkpt>
      <trkpt lat="48.487609" lon="1.513860">
        <ele>119.297131</ele>
        <time>2026-05-12T01:48:37.858Z</time>
      </trkpt>
      <trkpt lat="48.487589" lon="1.513634">
        <ele>119.290193</ele>
        <time>2026-05-12T01:48:40.057Z</time>
      </trkpt>
      <trkpt lat="48.487609" lon="1.513186">
        <ele>119.276528</ele>
        <time>2026-05-12T01:48:44.472Z</time>
      </trkpt>
      <trkpt lat="48.487699" lon="1.511615">
        <ele>119.309214</ele>
        <time>2026-05-12T01:49:00.249Z</time>
      </trkpt>
      <trkpt lat="48.487764" lon="1.511042">
        <ele>119.418701</ele>
        <time>2026-05-12T01:49:05.681Z</time>
      </trkpt>
      <trkpt lat="48.487823" lon="1.510825">
        <ele>119.462875</ele>
        <time>2026-05-12T01:49:07.933Z</time>
      </trkpt>
      <trkpt lat="48.487949" lon="1.510509">
        <ele>119.532330</ele>
        <time>2026-05-12T01:49:11.639Z</time>
      </trkpt>
      <trkpt lat="48.488202" lon="1.510025">
        <ele>119.648425</ele>
        <time>2026-05-12T01:49:18.495Z</time>
      </trkpt>
      <trkpt lat="48.488356" lon="1.509691">
        <ele>119.725054</ele>
        <time>2026-05-12T01:49:23.146Z</time>
      </trkpt>
      <trkpt lat="48.488443" lon="1.509437">
        <ele>119.819885</ele>
        <time>2026-05-12T01:49:26.580Z</time>
      </trkpt>
      <trkpt lat="48.488529" lon="1.509118">
        <ele>119.979579</ele>
        <time>2026-05-12T01:49:30.760Z</time>
      </trkpt>
      <trkpt lat="48.488585" lon="1.508758">
        <ele>120.151051</ele>
        <time>2026-05-12T01:49:35.436Z</time>
      </trkpt>
      <trkpt lat="48.488599" lon="1.508398">
        <ele>120.318274</ele>
        <time>2026-05-12T01:49:40.097Z</time>
      </trkpt>
      <trkpt lat="48.488582" lon="1.508123">
        <ele>120.446348</ele>
        <time>2026-05-12T01:49:43.712Z</time>
      </trkpt>
      <trkpt lat="48.488499" lon="1.507759">
        <ele>120.624850</ele>
        <time>2026-05-12T01:49:48.490Z</time>
      </trkpt>
      <trkpt lat="48.488353" lon="1.507377">
        <ele>120.829331</ele>
        <time>2026-05-12T01:49:53.602Z</time>
      </trkpt>
      <trkpt lat="48.488190" lon="1.507109">
        <ele>120.998003</ele>
        <time>2026-05-12T01:49:57.294Z</time>
      </trkpt>
      <trkpt lat="48.487616" lon="1.506385">
        <ele>120.661498</ele>
        <time>2026-05-12T01:50:07.477Z</time>
      </trkpt>
      <trkpt lat="48.486223" lon="1.504532">
        <ele>119.817780</ele>
        <time>2026-05-12T01:50:31.205Z</time>
      </trkpt>
      <trkpt lat="48.485703" lon="1.503840">
        <ele>119.522250</ele>
        <time>2026-05-12T01:50:40.877Z</time>
      </trkpt>
      <trkpt lat="48.484067" lon="1.501892">
        <ele>119.342417</ele>
        <time>2026-05-12T01:51:11.056Z</time>
      </trkpt>
      <trkpt lat="48.483582" lon="1.501411">
        <ele>119.566215</ele>
        <time>2026-05-12T01:51:20.535Z</time>
      </trkpt>
      <trkpt lat="48.482750" lon="1.500893">
        <ele>119.932974</ele>
        <time>2026-05-12T01:51:35.659Z</time>
      </trkpt>
      <trkpt lat="48.482533" lon="1.500770">
        <ele>120.027433</ele>
        <time>2026-05-12T01:51:39.556Z</time>
      </trkpt>
      <trkpt lat="48.481636" lon="1.500262">
        <ele>120.525175</ele>
        <time>2026-05-12T01:51:55.608Z</time>
      </trkpt>
      <trkpt lat="48.481371" lon="1.500168">
        <ele>120.670784</ele>
        <time>2026-05-12T01:52:00.091Z</time>
      </trkpt>
      <trkpt lat="48.481006" lon="1.499461">
        <ele>120.988511</ele>
        <time>2026-05-12T01:52:10.226Z</time>
      </trkpt>
      <trkpt lat="48.480739" lon="1.499007">
        <ele>121.331950</ele>
        <time>2026-05-12T01:52:17.322Z</time>
      </trkpt>
      <trkpt lat="48.479607" lon="1.497079">
        <ele>122.989261</ele>
        <time>2026-05-12T01:52:49.422Z</time>
      </trkpt>
      <trkpt lat="48.479381" lon="1.496670">
        <ele>123.391843</ele>
        <time>2026-05-12T01:52:56.761Z</time>
      </trkpt>
      <trkpt lat="48.478954" lon="1.495800">
        <ele>124.210305</ele>
        <time>2026-05-12T01:53:11.643Z</time>
      </trkpt>
      <trkpt lat="48.478451" lon="1.495166">
        <ele>124.802620</ele>
        <time>2026-05-12T01:53:23.518Z</time>
      </trkpt>
      <trkpt lat="48.478009" lon="1.494770">
        <ele>124.850817</ele>
        <time>2026-05-12T01:53:31.698Z</time>
      </trkpt>
      <trkpt lat="48.477886" lon="1.494696">
        <ele>124.863232</ele>
        <time>2026-05-12T01:53:33.654Z</time>
      </trkpt>
      <trkpt lat="48.477337" lon="1.494434">
        <ele>124.917218</ele>
        <time>2026-05-12T01:53:41.802Z</time>
      </trkpt>
      <trkpt lat="48.476963" lon="1.494280">
        <ele>124.953565</ele>
        <time>2026-05-12T01:53:47.351Z</time>
      </trkpt>
      <trkpt lat="48.476517" lon="1.494104">
        <ele>124.601714</ele>
        <time>2026-05-12T01:53:53.793Z</time>
      </trkpt>
      <trkpt lat="48.476148" lon="1.493957">
        <ele>124.279109</ele>
        <time>2026-05-12T01:53:58.653Z</time>
      </trkpt>
      <trkpt lat="48.475719" lon="1.493784">
        <ele>123.903747</ele>
        <time>2026-05-12T01:54:03.952Z</time>
      </trkpt>
      <trkpt lat="48.475142" lon="1.493743">
        <ele>123.408868</ele>
        <time>2026-05-12T01:54:10.852Z</time>
      </trkpt>
      <trkpt lat="48.474960" lon="1.493663">
        <ele>123.199373</ele>
        <time>2026-05-12T01:54:13.085Z</time>
      </trkpt>
      <trkpt lat="48.474865" lon="1.493573">
        <ele>123.075398</ele>
        <time>2026-05-12T01:54:14.405Z</time>
      </trkpt>
      <trkpt lat="48.474716" lon="1.493358">
        <ele>122.847529</ele>
        <time>2026-05-12T01:54:16.842Z</time>
      </trkpt>
      <trkpt lat="48.474433" lon="1.492155">
        <ele>121.912326</ele>
        <time>2026-05-12T01:54:27.138Z</time>
      </trkpt>
      <trkpt lat="48.474288" lon="1.491523">
        <ele>121.426074</ele>
        <time>2026-05-12T01:54:32.663Z</time>
      </trkpt>
      <trkpt lat="48.474240" lon="1.491389">
        <ele>121.329902</ele>
        <time>2026-05-12T01:54:33.875Z</time>
      </trkpt>
      <trkpt lat="48.473659" lon="1.489380">
        <ele>119.945909</ele>
        <time>2026-05-12T01:54:50.827Z</time>
      </trkpt>
      <trkpt lat="48.473417" lon="1.488640">
        <ele>120.218398</ele>
        <time>2026-05-12T01:54:58.994Z</time>
      </trkpt>
      <trkpt lat="48.472840" lon="1.487256">
        <ele>121.817688</ele>
        <time>2026-05-12T01:55:22.705Z</time>
      </trkpt>
      <trkpt lat="48.472740" lon="1.486922">
        <ele>122.176186</ele>
        <time>2026-05-12T01:55:29.011Z</time>
      </trkpt>
      <trkpt lat="48.472630" lon="1.486407">
        <ele>122.780712</ele>
        <time>2026-05-12T01:55:38.076Z</time>
      </trkpt>
      <trkpt lat="48.472526" lon="1.486053">
        <ele>123.249839</ele>
        <time>2026-05-12T01:55:44.418Z</time>
      </trkpt>
      <trkpt lat="48.472292" lon="1.485559">
        <ele>123.985437</ele>
        <time>2026-05-12T01:55:53.974Z</time>
      </trkpt>
      <trkpt lat="48.472114" lon="1.485260">
        <ele>124.472318</ele>
        <time>2026-05-12T01:55:59.836Z</time>
      </trkpt>
      <trkpt lat="48.471435" lon="1.484277">
        <ele>125.702635</ele>
        <time>2026-05-12T01:56:18.461Z</time>
      </trkpt>
      <trkpt lat="48.471223" lon="1.483891">
        <ele>125.732763</ele>
        <time>2026-05-12T01:56:24.390Z</time>
      </trkpt>
      <trkpt lat="48.470945" lon="1.483216">
        <ele>125.780526</ele>
        <time>2026-05-12T01:56:32.561Z</time>
      </trkpt>
      <trkpt lat="48.470489" lon="1.482472">
        <ele>125.829305</ele>
        <time>2026-05-12T01:56:40.990Z</time>
      </trkpt>
      <trkpt lat="48.470275" lon="1.481979">
        <ele>125.531000</ele>
        <time>2026-05-12T01:56:45.845Z</time>
      </trkpt>
      <trkpt lat="48.470026" lon="1.481313">
        <ele>125.143935</ele>
        <time>2026-05-12T01:56:52.021Z</time>
      </trkpt>
      <trkpt lat="48.470004" lon="1.481218">
        <ele>125.092994</ele>
        <time>2026-05-12T01:56:52.837Z</time>
      </trkpt>
      <trkpt lat="48.469982" lon="1.481123">
        <ele>125.042052</ele>
        <time>2026-05-12T01:56:53.642Z</time>
      </trkpt>
      <trkpt lat="48.470023" lon="1.480957">
        <ele>124.952374</ele>
        <time>2026-05-12T01:56:55.060Z</time>
      </trkpt>
      <trkpt lat="48.469876" lon="1.480894">
        <ele>124.835690</ele>
        <time>2026-05-12T01:56:56.932Z</time>
      </trkpt>
      <trkpt lat="48.469403" lon="1.480555">
        <ele>124.456336</ele>
        <time>2026-05-12T01:57:03.823Z</time>
      </trkpt>
      <trkpt lat="48.469145" lon="1.480432">
        <ele>124.386533</ele>
        <time>2026-05-12T01:57:07.846Z</time>
      </trkpt>
      <trkpt lat="48.469118" lon="1.480423">
        <ele>124.379399</ele>
        <time>2026-05-12T01:57:08.259Z</time>
      </trkpt>
      <trkpt lat="48.468753" lon="1.480299">
        <ele>124.282879</ele>
        <time>2026-05-12T01:57:13.777Z</time>
      </trkpt>
      <trkpt lat="48.468715" lon="1.480285">
        <ele>124.272788</ele>
        <time>2026-05-12T01:57:14.338Z</time>
      </trkpt>
      <trkpt lat="48.467715" lon="1.479899">
        <ele>124.006497</ele>
        <time>2026-05-12T01:57:28.630Z</time>
      </trkpt>
      <trkpt lat="48.467422" lon="1.479829">
        <ele>123.887036</ele>
        <time>2026-05-12T01:57:32.804Z</time>
      </trkpt>
      <trkpt lat="48.467372" lon="1.479809">
        <ele>123.865824</ele>
        <time>2026-05-12T01:57:33.495Z</time>
      </trkpt>
      <trkpt lat="48.466730" lon="1.479874">
        <ele>123.601974</ele>
        <time>2026-05-12T01:57:42.341Z</time>
      </trkpt>
      <trkpt lat="48.466483" lon="1.479899">
        <ele>123.500461</ele>
        <time>2026-05-12T01:57:45.666Z</time>
      </trkpt>
      <trkpt lat="48.466052" lon="1.479992">
        <ele>123.321926</ele>
        <time>2026-05-12T01:57:51.438Z</time>
      </trkpt>
      <trkpt lat="48.465651" lon="1.480147">
        <ele>123.178035</ele>
        <time>2026-05-12T01:57:56.676Z</time>
      </trkpt>
      <trkpt lat="48.465370" lon="1.480309">
        <ele>123.082889</ele>
        <time>2026-05-12T01:58:00.481Z</time>
      </trkpt>
      <trkpt lat="48.465210" lon="1.480401">
        <ele>123.028731</ele>
        <time>2026-05-12T01:58:02.763Z</time>
      </trkpt>
      <trkpt lat="48.464988" lon="1.480559">
        <ele>122.951091</ele>
        <time>2026-05-12T01:58:06.056Z</time>
      </trkpt>
      <trkpt lat="48.464540" lon="1.480858">
        <ele>122.796142</ele>
        <time>2026-05-12T01:58:12.871Z</time>
      </trkpt>
      <trkpt lat="48.464350" lon="1.480990">
        <ele>122.729980</ele>
        <time>2026-05-12T01:58:15.972Z</time>
      </trkpt>
      <trkpt lat="48.464227" lon="1.481076">
        <ele>122.710333</ele>
        <time>2026-05-12T01:58:18.053Z</time>
      </trkpt>
      <trkpt lat="48.463995" lon="1.481238">
        <ele>122.832158</ele>
        <time>2026-05-12T01:58:22.292Z</time>
      </trkpt>
      <trkpt lat="48.463838" lon="1.481347">
        <ele>122.914517</ele>
        <time>2026-05-12T01:58:25.322Z</time>
      </trkpt>
      <trkpt lat="48.463248" lon="1.481637">
        <ele>123.210212</ele>
        <time>2026-05-12T01:58:36.317Z</time>
      </trkpt>
      <trkpt lat="48.462479" lon="1.481900">
        <ele>123.607754</ele>
        <time>2026-05-12T01:58:49.528Z</time>
      </trkpt>
      <trkpt lat="48.462248" lon="1.482001">
        <ele>123.799204</ele>
        <time>2026-05-12T01:58:53.606Z</time>
      </trkpt>
      <trkpt lat="48.461459" lon="1.482351">
        <ele>124.453862</ele>
        <time>2026-05-12T01:59:07.257Z</time>
      </trkpt>
      <trkpt lat="48.461021" lon="1.482651">
        <ele>124.836790</ele>
        <time>2026-05-12T01:59:16.432Z</time>
      </trkpt>
      <trkpt lat="48.460573" lon="1.483015">
        <ele>125.533625</ele>
        <time>2026-05-12T01:59:27.160Z</time>
      </trkpt>
      <trkpt lat="48.459973" lon="1.483617">
        <ele>126.759283</ele>
        <time>2026-05-12T01:59:42.630Z</time>
      </trkpt>
      <trkpt lat="48.459311" lon="1.484252">
        <ele>128.092315</ele>
        <time>2026-05-12T02:00:00.563Z</time>
      </trkpt>
      <trkpt lat="48.457705" lon="1.485419">
        <ele>131.035812</ele>
        <time>2026-05-12T02:00:38.434Z</time>
      </trkpt>
      <trkpt lat="48.457018" lon="1.485807">
        <ele>131.820120</ele>
        <time>2026-05-12T02:00:54.147Z</time>
      </trkpt>
      <trkpt lat="48.456839" lon="1.485926">
        <ele>132.029265</ele>
        <time>2026-05-12T02:00:58.368Z</time>
      </trkpt>
      <trkpt lat="48.456677" lon="1.486058">
        <ele>132.226130</ele>
        <time>2026-05-12T02:01:02.149Z</time>
      </trkpt>
      <trkpt lat="48.456401" lon="1.486403">
        <ele>132.609411</ele>
        <time>2026-05-12T02:01:08.872Z</time>
      </trkpt>
      <trkpt lat="48.455947" lon="1.487045">
        <ele>132.515654</ele>
        <time>2026-05-12T02:01:17.910Z</time>
      </trkpt>
      <trkpt lat="48.455863" lon="1.487143">
        <ele>132.368125</ele>
        <time>2026-05-12T02:01:19.254Z</time>
      </trkpt>
      <trkpt lat="48.455836" lon="1.487161">
        <ele>132.327118</ele>
        <time>2026-05-12T02:01:19.642Z</time>
      </trkpt>
      <trkpt lat="48.455750" lon="1.487220">
        <ele>132.195874</ele>
        <time>2026-05-12T02:01:20.814Z</time>
      </trkpt>
      <trkpt lat="48.455699" lon="1.487255">
        <ele>132.118039</ele>
        <time>2026-05-12T02:01:21.506Z</time>
      </trkpt>
      <trkpt lat="48.454723" lon="1.487531">
        <ele>130.738673</ele>
        <time>2026-05-12T02:01:32.312Z</time>
      </trkpt>
      <trkpt lat="48.454211" lon="1.487689">
        <ele>130.638551</ele>
        <time>2026-05-12T02:01:37.956Z</time>
      </trkpt>
      <trkpt lat="48.453812" lon="1.488101">
        <ele>130.936594</ele>
        <time>2026-05-12T02:01:43.779Z</time>
      </trkpt>
      <trkpt lat="48.453446" lon="1.488329">
        <ele>131.180657</ele>
        <time>2026-05-12T02:01:50.246Z</time>
      </trkpt>
      <trkpt lat="48.453230" lon="1.488456">
        <ele>131.323543</ele>
        <time>2026-05-12T02:01:55.182Z</time>
      </trkpt>
      <trkpt lat="48.453177" lon="1.488366">
        <ele>131.372739</ele>
        <time>2026-05-12T02:01:57.202Z</time>
      </trkpt>
      <trkpt lat="48.453098" lon="1.488377">
        <ele>131.421635</ele>
        <time>2026-05-12T02:01:59.314Z</time>
      </trkpt>
      <trkpt lat="48.452949" lon="1.488137">
        <ele>131.564529</ele>
        <time>2026-05-12T02:02:05.903Z</time>
      </trkpt>
      <trkpt lat="48.452903" lon="1.488079">
        <ele>131.848525</ele>
        <time>2026-05-12T02:02:07.822Z</time>
      </trkpt>
      <trkpt lat="48.452815" lon="1.487966">
        <ele>132.395962</ele>
        <time>2026-05-12T02:02:11.972Z</time>
      </trkpt>
      <trkpt lat="48.452769" lon="1.487906">
        <ele>132.684028</ele>
        <time>2026-05-12T02:02:14.207Z</time>
      </trkpt>
      <trkpt lat="48.452728" lon="1.487850">
        <ele>132.946034</ele>
        <time>2026-05-12T02:02:16.314Z</time>
      </trkpt>
      <trkpt lat="48.452528" lon="1.487596">
        <ele>134.184490</ele>
        <time>2026-05-12T02:02:26.617Z</time>
      </trkpt>
      <trkpt lat="48.452196" lon="1.487139">
        <ele>136.313581</ele>
        <time>2026-05-12T02:02:44.374Z</time>
      </trkpt>
      <trkpt lat="48.451800" lon="1.486593">
        <ele>138.855023</ele>
        <time>2026-05-12T02:03:04.185Z</time>
      </trkpt>
      <trkpt lat="48.451689" lon="1.486443">
        <ele>139.560978</ele>
        <time>2026-05-12T02:03:09.210Z</time>
      </trkpt>
      <trkpt lat="48.451600" lon="1.486322">
        <ele>140.091131</ele>
        <time>2026-05-12T02:03:13.057Z</time>
      </trkpt>
      <trkpt lat="48.450249" lon="1.484533">
        <ele>142.851623</ele>
        <time>2026-05-12T02:03:47.285Z</time>
      </trkpt>
      <trkpt lat="48.449759" lon="1.483875">
        <ele>144.009057</ele>
        <time>2026-05-12T02:03:58.999Z</time>
      </trkpt>
      <trkpt lat="48.449632" lon="1.483748">
        <ele>144.277868</ele>
        <time>2026-05-12T02:04:02.069Z</time>
      </trkpt>
      <trkpt lat="48.449378" lon="1.483543">
        <ele>144.786054</ele>
        <time>2026-05-12T02:04:08.201Z</time>
      </trkpt>
      <trkpt lat="48.449155" lon="1.483418">
        <ele>145.205709</ele>
        <time>2026-05-12T02:04:13.781Z</time>
      </trkpt>
      <trkpt lat="48.449113" lon="1.483407">
        <ele>145.280902</ele>
        <time>2026-05-12T02:04:14.787Z</time>
      </trkpt>
      <trkpt lat="48.448934" lon="1.483269">
        <ele>145.635525</ele>
        <time>2026-05-12T02:04:20.058Z</time>
      </trkpt>
      <trkpt lat="48.448850" lon="1.483183">
        <ele>145.814627</ele>
        <time>2026-05-12T02:04:22.717Z</time>
      </trkpt>
      <trkpt lat="48.448813" lon="1.483291">
        <ele>145.956843</ele>
        <time>2026-05-12T02:04:25.043Z</time>
      </trkpt>
      <trkpt lat="48.448771" lon="1.483358">
        <ele>146.124880</ele>
        <time>2026-05-12T02:04:26.698Z</time>
      </trkpt>
      <trkpt lat="48.448679" lon="1.483413">
        <ele>146.474219</ele>
        <time>2026-05-12T02:04:29.578Z</time>
      </trkpt>
      <trkpt lat="48.448096" lon="1.483599">
        <ele>148.577655</ele>
        <time>2026-05-12T02:04:46.372Z</time>
      </trkpt>
      <trkpt lat="48.447954" lon="1.483685">
        <ele>149.117816</ele>
        <time>2026-05-12T02:04:50.502Z</time>
      </trkpt>
      <trkpt lat="48.447372" lon="1.484192">
        <ele>151.490445</ele>
        <time>2026-05-12T02:05:10.748Z</time>
      </trkpt>
      <trkpt lat="48.447487" lon="1.484513">
        <ele>152.344628</ele>
        <time>2026-05-12T02:05:18.460Z</time>
      </trkpt>
      <trkpt lat="48.447525" lon="1.484619">
        <ele>152.599209</ele>
        <time>2026-05-12T02:05:21.058Z</time>
      </trkpt>
      <trkpt lat="48.447574" lon="1.484777">
        <ele>152.966449</ele>
        <time>2026-05-12T02:05:24.734Z</time>
      </trkpt>
      <trkpt lat="48.447238" lon="1.484979">
        <ele>154.114691</ele>
        <time>2026-05-12T02:05:35.109Z</time>
      </trkpt>
      <trkpt lat="48.447122" lon="1.484973">
        <ele>154.483127</ele>
        <time>2026-05-12T02:05:38.395Z</time>
      </trkpt>
      <trkpt lat="48.446968" lon="1.485037">
        <ele>154.990204</ele>
        <time>2026-05-12T02:05:42.974Z</time>
      </trkpt>
      <trkpt lat="48.446687" lon="1.485447">
        <ele>156.231526</ele>
        <time>2026-05-12T02:05:54.800Z</time>
      </trkpt>
      <trkpt lat="48.447008" lon="1.485877">
        <ele>157.594610</ele>
        <time>2026-05-12T02:06:05.979Z</time>
      </trkpt>
      <trkpt lat="48.446584" lon="1.486332">
        <ele>158.062847</ele>
        <time>2026-05-12T02:06:16.900Z</time>
      </trkpt>
      <trkpt lat="48.446641" lon="1.486438">
        <ele>158.062847</ele>
        <time>2026-05-12T02:06:18.523Z</time>
      </trkpt>
      <trkpt lat="48.447100" lon="1.487356">
        <ele>158.062847</ele>
        <time>2026-05-12T02:06:32.878Z</time>
      </trkpt>
      <trkpt lat="48.446995" lon="1.487532">
        <ele>158.062847</ele>
        <time>2026-05-12T02:06:35.635Z</time>
      </trkpt>
    </trkseg>
  </trk>
</gpx>